mc	mn	mc_onset	mn_onset	timesig	staff	voice	duration	nominal_duration	scalar	tied	tpc	midi	chord_id
1 	1 	1/4     	1/4     	4/4    	4    	1    	1/4     	1/4             	1     	    	2  	62  	2
1 	1 	1/2     	1/2     	4/4    	4    	1    	1/2     	1/2             	1     	1   	2  	62  	3
1 	1 	3/4     	3/4     	4/4    	5    	1    	1/4     	1/4             	1     	1   	1  	55  	4
1 	1 	3/4     	3/4     	4/4    	3    	1    	1/4     	1/4             	1     	1   	1  	67  	1
1 	1 	3/4     	3/4     	4/4    	2    	1    	1/4     	1/4             	1     	1   	-2 	70  	0
2 	2 	0       	0       	4/4    	5    	1    	1/4     	1/4             	1     	-1  	1  	55  	18
2 	2 	0       	0       	4/4    	4    	1    	1/2     	1/2             	1     	-1  	2  	62  	16
2 	2 	0       	0       	4/4    	3    	1    	1/4     	1/4             	1     	-1  	1  	67  	11
2 	2 	0       	0       	4/4    	2    	1    	1/4     	1/4             	1     	-1  	-2 	70  	7
2 	2 	1/4     	1/4     	4/4    	5    	1    	1/4     	1/4             	1     	    	1  	55  	19
2 	2 	1/4     	1/4     	4/4    	3    	1    	1/4     	1/4             	1     	    	1  	67  	12
2 	2 	1/4     	1/4     	4/4    	2    	1    	1/4     	1/4             	1     	    	-2 	70  	8
2 	2 	1/4     	1/4     	4/4    	1    	1    	1/4     	1/4             	1     	    	2  	74  	5
2 	2 	1/2     	1/2     	4/4    	5    	1    	1/2     	1/2             	1     	1   	-1 	53  	20
2 	2 	1/2     	1/2     	4/4    	3    	1    	3/16    	1/8             	3/2   	    	2  	62  	13
2 	2 	1/2     	1/2     	4/4    	4    	1    	1/2     	1/2             	1     	1   	2  	62  	17
2 	2 	1/2     	1/2     	4/4    	2    	1    	3/8     	1/4             	3/2   	    	3  	69  	9
2 	2 	1/2     	1/2     	4/4    	1    	1    	1/2     	1/2             	1     	    	2  	74  	6
2 	2 	11/16   	11/16   	4/4    	3    	1    	1/16    	1/16            	1     	    	4  	64  	14
2 	2 	3/4     	3/4     	4/4    	3    	1    	1/4     	1/4             	1     	1   	-1 	65  	15
2 	2 	7/8     	7/8     	4/4    	2    	1    	1/8     	1/8             	1     	    	3  	69  	10
3 	3 	0       	0       	4/4    	5    	1    	1/4     	1/4             	1     	-1  	-1 	53  	32
3 	3 	0       	0       	4/4    	4    	1    	1/4     	1/4             	1     	-1  	2  	62  	29
3 	3 	0       	0       	4/4    	3    	1    	1/4     	1/4             	1     	-1  	-1 	65  	26
3 	3 	0       	0       	4/4    	2    	1    	1/2     	1/2             	1     	    	3  	69  	24
3 	3 	0       	0       	4/4    	1    	1    	3/4     	1/2             	3/2   	    	2  	74  	21
3 	3 	1/4     	1/4     	4/4    	5    	1    	1/4     	1/4             	1     	    	-1 	53  	33
3 	3 	1/4     	1/4     	4/4    	4    	1    	1/4     	1/4             	1     	    	2  	62  	30
3 	3 	1/4     	1/4     	4/4    	3    	1    	1/4     	1/4             	1     	    	-1 	65  	27
3 	3 	1/2     	1/2     	4/4    	5    	1    	1/2     	1/2             	1     	    	3  	57  	34
3 	3 	1/2     	1/2     	4/4    	4    	1    	1/2     	1/2             	1     	    	0  	60  	31
3 	3 	1/2     	1/2     	4/4    	3    	1    	1/2     	1/2             	1     	    	-1 	65  	28
3 	3 	1/2     	1/2     	4/4    	2    	1    	1/2     	1/2             	1     	    	0  	72  	25
3 	3 	3/4     	3/4     	4/4    	1    	1    	1/8     	1/8             	1     	    	2  	74  	22
3 	3 	7/8     	7/8     	4/4    	1    	1    	1/8     	1/8             	1     	    	2  	74  	23
4 	4 	0       	0       	4/4    	5    	1    	1       	1               	1     	    	1  	55  	42
4 	4 	0       	0       	4/4    	4    	1    	3/8     	1/4             	3/2   	    	5  	59  	39
4 	4 	0       	0       	4/4    	3    	1    	1       	1               	1     	    	1  	67  	38
4 	4 	0       	0       	4/4    	2    	1    	1/2     	1/2             	1     	    	0  	72  	36
4 	4 	0       	0       	4/4    	1    	1    	1       	1               	1     	    	2  	74  	35
4 	4 	3/8     	3/8     	4/4    	4    	1    	1/8     	1/8             	1     	    	0  	60  	40
4 	4 	1/2     	1/2     	4/4    	4    	1    	1/2     	1/2             	1     	    	2  	62  	41
4 	4 	1/2     	1/2     	4/4    	2    	1    	1/2     	1/2             	1     	    	5  	71  	37
5 	5 	0       	0       	4/4    	5    	1    	1/2     	1/2             	1     	    	0  	48  	51
5 	5 	0       	0       	4/4    	4    	1    	1/2     	1/2             	1     	    	4  	64  	49
5 	5 	0       	0       	4/4    	3    	1    	1/2     	1/2             	1     	    	1  	67  	47
5 	5 	0       	0       	4/4    	1    	1    	1/2     	1/2             	1     	    	0  	72  	43
5 	5 	0       	0       	4/4    	2    	1    	1/2     	1/2             	1     	    	0  	72  	45
5 	5 	3/4     	3/4     	4/4    	5    	1    	1/4     	1/4             	1     	    	-1 	53  	52
5 	5 	3/4     	3/4     	4/4    	4    	1    	1/4     	1/4             	1     	    	0  	60  	50
5 	5 	3/4     	3/4     	4/4    	3    	1    	1/4     	1/4             	1     	    	-1 	65  	48
5 	5 	3/4     	3/4     	4/4    	2    	1    	1/4     	1/4             	1     	    	3  	69  	46
5 	5 	3/4     	3/4     	4/4    	1    	1    	1/4     	1/4             	1     	    	0  	72  	44
6 	6 	0       	0       	4/4    	5    	1    	1/4     	1/4             	1     	    	-1 	53  	69
6 	6 	0       	0       	4/4    	4    	1    	3/8     	1/4             	3/2   	    	0  	60  	65
6 	6 	0       	0       	4/4    	3    	1    	1/4     	1/4             	1     	    	-1 	65  	61
6 	6 	0       	0       	4/4    	2    	1    	1/4     	1/4             	1     	    	3  	69  	57
6 	6 	0       	0       	4/4    	1    	1    	3/8     	1/4             	3/2   	    	0  	72  	53
6 	6 	1/4     	1/4     	4/4    	5    	1    	1/4     	1/4             	1     	    	-1 	53  	70
6 	6 	1/4     	1/4     	4/4    	3    	1    	1/4     	1/4             	1     	    	0  	60  	62
6 	6 	1/4     	1/4     	4/4    	2    	1    	1/4     	1/4             	1     	    	-1 	65  	58
6 	6 	3/8     	3/8     	4/4    	4    	1    	1/8     	1/8             	1     	    	0  	60  	66
6 	6 	3/8     	3/8     	4/4    	1    	1    	1/8     	1/8             	1     	    	3  	69  	54
6 	6 	1/2     	1/2     	4/4    	5    	1    	1/4     	1/4             	1     	    	-3 	51  	71
6 	6 	1/2     	1/2     	4/4    	4    	1    	1/4     	1/4             	1     	    	1  	55  	67
6 	6 	1/2     	1/2     	4/4    	3    	1    	1/4     	1/4             	1     	    	-3 	63  	63
6 	6 	1/2     	1/2     	4/4    	2    	1    	1/4     	1/4             	1     	    	1  	67  	59
6 	6 	1/2     	1/2     	4/4    	1    	1    	1/4     	1/4             	1     	    	-2 	70  	55
6 	6 	3/4     	3/4     	4/4    	5    	1    	1/4     	1/4             	1     	    	-3 	51  	72
6 	6 	3/4     	3/4     	4/4    	4    	1    	1/4     	1/4             	1     	    	1  	55  	68
6 	6 	3/4     	3/4     	4/4    	3    	1    	1/4     	1/4             	1     	    	-2 	58  	64
6 	6 	3/4     	3/4     	4/4    	1    	1    	1/4     	1/4             	1     	    	1  	67  	56
6 	6 	3/4     	3/4     	4/4    	2    	1    	1/4     	1/4             	1     	    	1  	67  	60
7 	7 	0       	0       	4/4    	4    	1    	1/4     	1/4             	1     	    	2  	50  	85
7 	7 	0       	0       	4/4    	5    	1    	1/4     	1/4             	1     	    	2  	50  	89
7 	7 	0       	0       	4/4    	3    	1    	3/8     	1/4             	3/2   	    	2  	62  	81
7 	7 	0       	0       	4/4    	2    	1    	3/8     	1/4             	3/2   	    	6  	66  	77
7 	7 	0       	0       	4/4    	1    	1    	3/8     	1/4             	3/2   	    	3  	69  	73
7 	7 	1/4     	1/4     	4/4    	5    	1    	1/4     	1/4             	1     	    	2  	50  	90
7 	7 	1/4     	1/4     	4/4    	4    	1    	1/4     	1/4             	1     	    	3  	57  	86
7 	7 	3/8     	3/8     	4/4    	3    	1    	1/8     	1/8             	1     	    	2  	62  	82
7 	7 	3/8     	3/8     	4/4    	2    	1    	1/8     	1/8             	1     	    	6  	66  	78
7 	7 	3/8     	3/8     	4/4    	1    	1    	1/8     	1/8             	1     	    	3  	69  	74
7 	7 	1/2     	1/2     	4/4    	5    	1    	1/4     	1/4             	1     	    	1  	43  	91
7 	7 	1/2     	1/2     	4/4    	4    	1    	1/4     	1/4             	1     	    	1  	55  	87
7 	7 	1/2     	1/2     	4/4    	3    	1    	1/4     	1/4             	1     	    	2  	62  	83
7 	7 	1/2     	1/2     	4/4    	2    	1    	3/8     	1/4             	3/2   	    	1  	67  	79
7 	7 	1/2     	1/2     	4/4    	1    	1    	3/8     	1/4             	3/2   	    	-2 	70  	75
7 	7 	3/4     	3/4     	4/4    	5    	1    	1/4     	1/4             	1     	    	1  	43  	92
7 	7 	3/4     	3/4     	4/4    	4    	1    	1/4     	1/4             	1     	    	1  	55  	88
7 	7 	3/4     	3/4     	4/4    	3    	1    	1/4     	1/4             	1     	    	2  	62  	84
7 	7 	7/8     	7/8     	4/4    	2    	1    	1/8     	1/8             	1     	    	3  	69  	80
7 	7 	7/8     	7/8     	4/4    	1    	1    	1/8     	1/8             	1     	    	0  	72  	76
8 	8 	0       	0       	4/4    	5    	1    	1/2     	1/2             	1     	    	2  	50  	102
8 	8 	0       	0       	4/4    	4    	1    	1/2     	1/2             	1     	    	3  	57  	100
8 	8 	0       	0       	4/4    	3    	1    	1/2     	1/2             	1     	    	2  	62  	98
8 	8 	0       	0       	4/4    	2    	1    	1/2     	1/2             	1     	    	6  	66  	96
8 	8 	0       	0       	4/4    	1    	1    	1/2     	1/2             	1     	    	3  	69  	93
8 	8 	1/2     	1/2     	4/4    	5    	1    	1/2     	1/2             	1     	    	2  	50  	103
8 	8 	1/2     	1/2     	4/4    	4    	1    	1/2     	1/2             	1     	    	3  	57  	101
8 	8 	1/2     	1/2     	4/4    	3    	1    	1/2     	1/2             	1     	    	2  	62  	99
8 	8 	1/2     	1/2     	4/4    	2    	1    	1/2     	1/2             	1     	    	6  	66  	97
8 	8 	1/2     	1/2     	4/4    	1    	1    	1/4     	1/4             	1     	    	3  	69  	94
8 	8 	3/4     	3/4     	4/4    	1    	1    	1/4     	1/4             	1     	1   	2  	74  	95
9 	9 	0       	0       	4/4    	5    	1    	1/4     	1/4             	1     	    	1  	55  	110
9 	9 	0       	0       	4/4    	2    	1    	1/4     	1/4             	1     	    	-2 	70  	105
9 	9 	0       	0       	4/4    	1    	1    	1       	1               	1     	0   	2  	74  	104
9 	9 	1/4     	1/4     	4/4    	5    	1    	1/8     	1/8             	1     	    	-1 	53  	111
9 	9 	1/4     	1/4     	4/4    	2    	1    	1/8     	1/8             	1     	    	3  	69  	106
9 	9 	3/8     	3/8     	4/4    	5    	1    	1/8     	1/8             	1     	    	4  	52  	112
9 	9 	3/8     	3/8     	4/4    	2    	1    	1/8     	1/8             	1     	    	1  	67  	107
9 	9 	1/2     	1/2     	4/4    	5    	1    	1/4     	1/4             	1     	    	2  	50  	113
9 	9 	1/2     	1/2     	4/4    	2    	1    	1/4     	1/4             	1     	    	-1 	65  	108
9 	9 	3/4     	3/4     	4/4    	5    	1    	1/4     	1/4             	1     	    	0  	48  	114
9 	9 	3/4     	3/4     	4/4    	2    	1    	1/4     	1/4             	1     	    	4  	64  	109
10	10	0       	0       	4/4    	5    	1    	1       	1               	1     	1   	5  	47  	123
10	10	0       	0       	4/4    	2    	1    	1       	1               	1     	1   	2  	62  	119
10	10	0       	0       	4/4    	3    	1    	3/4     	1/2             	3/2   	    	1  	67  	120
10	10	0       	0       	4/4    	1    	1    	1/4     	1/4             	1     	-1  	2  	74  	115
10	10	1/4     	1/4     	4/4    	1    	1    	1/8     	1/8             	1     	    	0  	72  	116
10	10	3/8     	3/8     	4/4    	1    	1    	1/8     	1/8             	1     	    	5  	71  	117
10	10	1/2     	1/2     	4/4    	1    	1    	1/2     	1/2             	1     	1   	3  	69  	118
10	10	3/4     	3/4     	4/4    	3    	1    	1/8     	1/8             	1     	    	6  	66  	121
10	10	7/8     	7/8     	4/4    	3    	1    	1/8     	1/8             	1     	    	4  	64  	122
11	11	0       	0       	4/4    	5    	1    	1/2     	1/2             	1     	-1  	5  	47  	133
11	11	0       	0       	4/4    	4    	1    	1/2     	1/2             	1     	    	2  	50  	131
11	11	0       	0       	4/4    	2    	1    	1/2     	1/2             	1     	-1  	2  	62  	127
11	11	0       	0       	4/4    	3    	1    	3/4     	1/2             	3/2   	    	2  	62  	129
11	11	0       	0       	4/4    	1    	1    	1/4     	1/4             	1     	-1  	3  	69  	124
11	11	1/4     	1/4     	4/4    	1    	1    	1/4     	1/4             	1     	    	8  	68  	125
11	11	1/2     	1/2     	4/4    	5    	1    	1/2     	1/2             	1     	    	3  	45  	134
11	11	1/2     	1/2     	4/4    	4    	1    	1/2     	1/2             	1     	    	3  	57  	132
11	11	1/2     	1/2     	4/4    	2    	1    	1/2     	1/2             	1     	    	4  	64  	128
11	11	1/2     	1/2     	4/4    	1    	1    	1/2     	1/2             	1     	1   	3  	69  	126
11	11	3/4     	3/4     	4/4    	3    	1    	1/4     	1/4             	1     	    	7  	61  	130
12	12	0       	0       	4/4    	4    	1    	1/2     	1/2             	1     	    	2  	50  	142
12	12	0       	0       	4/4    	5    	1    	1/2     	1/2             	1     	    	2  	50  	145
12	12	0       	0       	4/4    	3    	1    	1/2     	1/2             	1     	    	2  	62  	140
12	12	0       	0       	4/4    	2    	1    	3/4     	1/2             	3/2   	    	-1 	65  	138
12	12	0       	0       	4/4    	1    	1    	1/4     	1/4             	1     	-1  	3  	69  	135
12	12	1/4     	1/4     	4/4    	1    	1    	1/2     	1/2             	1     	    	3  	69  	136
12	12	1/2     	1/2     	4/4    	5    	1    	1/2     	1/2             	1     	    	1  	43  	146
12	12	1/2     	1/2     	4/4    	4    	1    	3/8     	1/4             	3/2   	    	1  	55  	143
12	12	1/2     	1/2     	4/4    	3    	1    	1/2     	1/2             	1     	    	5  	59  	141
12	12	3/4     	3/4     	4/4    	2    	1    	1/4     	1/4             	1     	1   	4  	64  	139
12	12	3/4     	3/4     	4/4    	1    	1    	1/4     	1/4             	1     	1   	1  	67  	137
12	12	7/8     	7/8     	4/4    	4    	1    	1/8     	1/8             	1     	    	-1 	53  	144
13	13	0       	0       	4/4    	5    	1    	1       	1               	1     	    	3  	45  	160
13	13	0       	0       	4/4    	4    	1    	1/4     	1/4             	1     	    	4  	52  	157
13	13	0       	0       	4/4    	3    	1    	1/4     	1/4             	1     	    	0  	60  	153
13	13	0       	0       	4/4    	2    	1    	1/4     	1/4             	1     	-1  	4  	64  	150
13	13	0       	0       	4/4    	1    	1    	1/4     	1/4             	1     	-1  	1  	67  	147
13	13	1/4     	1/4     	4/4    	4    	1    	1/4     	1/4             	1     	    	3  	57  	158
13	13	1/4     	1/4     	4/4    	3    	1    	1/4     	1/4             	1     	    	2  	62  	154
13	13	1/4     	1/4     	4/4    	2    	1    	1/2     	1/2             	1     	    	2  	62  	151
13	13	1/4     	1/4     	4/4    	1    	1    	1/4     	1/4             	1     	    	-1 	65  	148
13	13	1/2     	1/2     	4/4    	4    	1    	1/2     	1/2             	1     	    	3  	57  	159
13	13	1/2     	1/2     	4/4    	3    	1    	1/4     	1/4             	1     	    	4  	64  	155
13	13	1/2     	1/2     	4/4    	1    	1    	1/2     	1/2             	1     	    	4  	64  	149
13	13	3/4     	3/4     	4/4    	3    	1    	1/4     	1/4             	1     	    	3  	57  	156
13	13	3/4     	3/4     	4/4    	2    	1    	1/4     	1/4             	1     	    	7  	61  	152
14	14	0       	0       	4/4    	5    	1    	1       	1               	1     	    	2  	50  	165
14	14	0       	0       	4/4    	4    	1    	1       	1               	1     	    	6  	54  	164
14	14	0       	0       	4/4    	3    	1    	1       	1               	1     	    	3  	57  	163
14	14	0       	0       	4/4    	1    	1    	1       	1               	1     	    	2  	62  	161
14	14	0       	0       	4/4    	2    	1    	1       	1               	1     	    	2  	62  	162
15	15	1/4     	1/4     	4/4    	4    	1    	1/4     	1/4             	1     	    	2  	50  	172
15	15	1/4     	1/4     	4/4    	3    	1    	1/4     	1/4             	1     	    	2  	62  	169
15	15	1/4     	1/4     	4/4    	1    	1    	1/4     	1/4             	1     	    	-1 	65  	166
15	15	1/2     	1/2     	4/4    	4    	1    	1/4     	1/4             	1     	    	2  	50  	173
15	15	1/2     	1/2     	4/4    	3    	1    	1/4     	1/4             	1     	    	2  	62  	170
15	15	1/2     	1/2     	4/4    	1    	1    	1/4     	1/4             	1     	    	-1 	65  	167
15	15	3/4     	3/4     	4/4    	4    	1    	1/4     	1/4             	1     	1   	2  	50  	174
15	15	3/4     	3/4     	4/4    	3    	1    	1/4     	1/4             	1     	1   	2  	62  	171
15	15	3/4     	3/4     	4/4    	1    	1    	1/4     	1/4             	1     	1   	-1 	65  	168
16	16	0       	0       	4/4    	4    	1    	1/8     	1/8             	1     	-1  	2  	50  	185
16	16	0       	0       	4/4    	3    	1    	1/8     	1/8             	1     	-1  	2  	62  	180
16	16	0       	0       	4/4    	1    	1    	1/8     	1/8             	1     	-1  	-1 	65  	175
16	16	1/8     	1/8     	4/4    	4    	1    	1/8     	1/8             	1     	    	2  	50  	186
16	16	1/8     	1/8     	4/4    	3    	1    	1/8     	1/8             	1     	    	2  	62  	181
16	16	1/8     	1/8     	4/4    	1    	1    	1/8     	1/8             	1     	    	-1 	65  	176
16	16	1/4     	1/4     	4/4    	3    	1    	1/4     	1/4             	1     	    	2  	62  	182
16	16	1/4     	1/4     	4/4    	4    	1    	1/4     	1/4             	1     	    	2  	62  	187
16	16	1/4     	1/4     	4/4    	1    	1    	1/4     	1/4             	1     	    	-1 	65  	177
16	16	1/2     	1/2     	4/4    	4    	1    	1/4     	1/4             	1     	    	0  	60  	188
16	16	1/2     	1/2     	4/4    	3    	1    	1/4     	1/4             	1     	    	4  	64  	183
16	16	1/2     	1/2     	4/4    	1    	1    	1/4     	1/4             	1     	    	1  	67  	178
16	16	3/4     	3/4     	4/4    	4    	1    	1/4     	1/4             	1     	1   	0  	60  	189
16	16	3/4     	3/4     	4/4    	3    	1    	1/4     	1/4             	1     	1   	4  	64  	184
16	16	3/4     	3/4     	4/4    	1    	1    	1/4     	1/4             	1     	1   	1  	67  	179
17	17	0       	0       	4/4    	4    	1    	1/8     	1/8             	1     	-1  	0  	60  	198
17	17	0       	0       	4/4    	3    	1    	1/8     	1/8             	1     	-1  	4  	64  	194
17	17	0       	0       	4/4    	1    	1    	1/8     	1/8             	1     	-1  	1  	67  	190
17	17	1/8     	1/8     	4/4    	4    	1    	1/8     	1/8             	1     	    	0  	60  	199
17	17	1/8     	1/8     	4/4    	3    	1    	1/8     	1/8             	1     	    	4  	64  	195
17	17	1/8     	1/8     	4/4    	1    	1    	1/8     	1/8             	1     	    	1  	67  	191
17	17	1/4     	1/4     	4/4    	4    	1    	1/4     	1/4             	1     	    	-2 	58  	200
17	17	1/4     	1/4     	4/4    	3    	1    	1/4     	1/4             	1     	    	2  	62  	196
17	17	1/4     	1/4     	4/4    	1    	1    	1/4     	1/4             	1     	    	1  	67  	192
17	17	1/2     	1/2     	4/4    	4    	1    	1/2     	1/2             	1     	1   	0  	60  	201
17	17	1/2     	1/2     	4/4    	3    	1    	1/2     	1/2             	1     	1   	4  	64  	197
17	17	1/2     	1/2     	4/4    	1    	1    	1/2     	1/2             	1     	1   	1  	67  	193
18	18	0       	0       	4/4    	4    	1    	1/4     	1/4             	1     	-1  	0  	60  	211
18	18	0       	0       	4/4    	3    	1    	1/4     	1/4             	1     	-1  	4  	64  	206
18	18	0       	0       	4/4    	1    	1    	1/4     	1/4             	1     	-1  	1  	67  	202
18	18	1/4     	1/4     	4/4    	3    	1    	1/4     	1/4             	1     	    	-1 	65  	207
18	18	1/4     	1/4     	4/4    	4    	1    	1/4     	1/4             	1     	    	-1 	65  	212
18	18	1/4     	1/4     	4/4    	1    	1    	1/4     	1/4             	1     	    	3  	69  	203
18	18	1/2     	1/2     	4/4    	3    	1    	1/8     	1/8             	1     	    	-1 	65  	208
18	18	1/2     	1/2     	4/4    	4    	1    	1/8     	1/8             	1     	    	-1 	65  	213
18	18	5/8     	5/8     	4/4    	3    	1    	1/8     	1/8             	1     	    	-1 	65  	209
18	18	5/8     	5/8     	4/4    	4    	1    	1/8     	1/8             	1     	    	-1 	65  	214
18	18	3/4     	3/4     	4/4    	4    	1    	1/4     	1/4             	1     	1   	-1 	65  	215
18	18	3/4     	3/4     	4/4    	1    	1    	1/8     	1/8             	1     	    	3  	69  	204
18	18	3/4     	3/4     	4/4    	3    	1    	1/4     	1/4             	1     	1   	3  	69  	210
18	18	7/8     	7/8     	4/4    	1    	1    	1/8     	1/8             	1     	    	3  	69  	205
19	19	0       	0       	4/4    	4    	1    	1/4     	1/4             	1     	-1  	-1 	65  	223
19	19	0       	0       	4/4    	3    	1    	1/4     	1/4             	1     	-1  	3  	69  	219
19	19	0       	0       	4/4    	1    	1    	3/4     	1/2             	3/2   	    	0  	72  	216
19	19	1/4     	1/4     	4/4    	4    	1    	1/8     	1/8             	1     	    	4  	64  	224
19	19	1/4     	1/4     	4/4    	3    	1    	1/8     	1/8             	1     	    	1  	67  	220
19	19	3/8     	3/8     	4/4    	4    	1    	1/8     	1/8             	1     	    	2  	62  	225
19	19	3/8     	3/8     	4/4    	3    	1    	1/8     	1/8             	1     	    	-1 	65  	221
19	19	1/2     	1/2     	4/4    	4    	1    	1/2     	1/2             	1     	1   	0  	60  	226
19	19	1/2     	1/2     	4/4    	3    	1    	1/2     	1/2             	1     	1   	4  	64  	222
19	19	3/4     	3/4     	4/4    	1    	1    	1/8     	1/8             	1     	    	5  	71  	217
19	19	7/8     	7/8     	4/4    	1    	1    	1/8     	1/8             	1     	    	3  	69  	218
20	20	0       	0       	4/4    	4    	1    	1/4     	1/4             	1     	-1  	0  	60  	235
20	20	0       	0       	4/4    	3    	1    	1/4     	1/4             	1     	-1  	4  	64  	231
20	20	0       	0       	4/4    	1    	1    	3/8     	1/4             	3/2   	    	1  	67  	227
20	20	1/4     	1/4     	4/4    	4    	1    	1/4     	1/4             	1     	    	0  	60  	236
20	20	1/4     	1/4     	4/4    	3    	1    	1/4     	1/4             	1     	    	4  	64  	232
20	20	3/8     	3/8     	4/4    	1    	1    	1/8     	1/8             	1     	    	1  	67  	228
20	20	1/2     	1/2     	4/4    	4    	1    	1/4     	1/4             	1     	    	0  	60  	237
20	20	1/2     	1/2     	4/4    	3    	1    	1/4     	1/4             	1     	    	4  	64  	233
20	20	1/2     	1/2     	4/4    	1    	1    	1/4     	1/4             	1     	    	1  	67  	229
20	20	3/4     	3/4     	4/4    	4    	1    	1/4     	1/4             	1     	    	4  	64  	238
20	20	3/4     	3/4     	4/4    	1    	1    	1/4     	1/4             	1     	    	1  	67  	230
20	20	3/4     	3/4     	4/4    	3    	1    	1/4     	1/4             	1     	    	1  	67  	234
21	21	0       	0       	4/4    	4    	1    	3/4     	1/2             	3/2   	    	2  	62  	243
21	21	0       	0       	4/4    	3    	1    	3/4     	1/2             	3/2   	    	6  	66  	241
21	21	0       	0       	4/4    	1    	1    	3/4     	1/2             	3/2   	    	3  	69  	239
21	21	3/4     	3/4     	4/4    	3    	1    	1/4     	1/4             	1     	    	1  	67  	242
21	21	3/4     	3/4     	4/4    	4    	1    	1/4     	1/4             	1     	    	1  	67  	244
21	21	3/4     	3/4     	4/4    	1    	1    	1/4     	1/4             	1     	    	5  	71  	240
22	22	1/4     	1/4     	4/4    	3    	1    	3/8     	1/4             	3/2   	    	1  	67  	248
22	22	1/4     	1/4     	4/4    	1    	1    	3/8     	1/4             	3/2   	    	5  	71  	245
22	22	5/8     	5/8     	4/4    	3    	1    	1/8     	1/8             	1     	    	1  	67  	249
22	22	5/8     	5/8     	4/4    	1    	1    	1/8     	1/8             	1     	    	5  	71  	246
22	22	3/4     	3/4     	4/4    	3    	1    	1/4     	1/4             	1     	    	1  	67  	250
22	22	3/4     	3/4     	4/4    	1    	1    	1/4     	1/4             	1     	    	5  	71  	247
23	23	0       	0       	4/4    	3    	1    	1/4     	1/4             	1     	    	1  	67  	254
23	23	0       	0       	4/4    	1    	1    	1/4     	1/4             	1     	    	5  	71  	251
23	23	1/4     	1/4     	4/4    	3    	1    	1/4     	1/4             	1     	    	3  	69  	255
23	23	1/4     	1/4     	4/4    	1    	1    	1/4     	1/4             	1     	    	0  	72  	252
23	23	1/2     	1/2     	4/4    	3    	1    	1/2     	1/2             	1     	1   	-1 	65  	256
23	23	1/2     	1/2     	4/4    	1    	1    	1/2     	1/2             	1     	1   	3  	69  	253
24	24	0       	0       	4/4    	3    	1    	1/4     	1/4             	1     	-1  	-1 	65  	261
24	24	0       	0       	4/4    	1    	1    	1/4     	1/4             	1     	-1  	3  	69  	257
24	24	1/4     	1/4     	4/4    	4    	1    	3/8     	1/4             	3/2   	    	0  	60  	265
24	24	1/4     	1/4     	4/4    	3    	1    	3/8     	1/4             	3/2   	    	4  	64  	262
24	24	1/4     	1/4     	4/4    	1    	1    	3/8     	1/4             	3/2   	    	1  	67  	258
24	24	5/8     	5/8     	4/4    	4    	1    	1/8     	1/8             	1     	    	0  	60  	266
24	24	5/8     	5/8     	4/4    	3    	1    	1/8     	1/8             	1     	    	4  	64  	263
24	24	5/8     	5/8     	4/4    	1    	1    	1/8     	1/8             	1     	    	1  	67  	259
24	24	3/4     	3/4     	4/4    	3    	1    	1/4     	1/4             	1     	    	2  	62  	264
24	24	3/4     	3/4     	4/4    	4    	1    	1/4     	1/4             	1     	    	2  	62  	267
24	24	3/4     	3/4     	4/4    	1    	1    	1/4     	1/4             	1     	    	6  	66  	260
25	25	0       	0       	4/4    	4    	1    	1/4     	1/4             	1     	    	1  	55  	278
25	25	0       	0       	4/4    	3    	1    	1/4     	1/4             	1     	    	5  	59  	273
25	25	0       	0       	4/4    	1    	1    	1/4     	1/4             	1     	    	2  	62  	268
25	25	1/4     	1/4     	4/4    	4    	1    	1/4     	1/4             	1     	    	1  	55  	279
25	25	1/4     	1/4     	4/4    	3    	1    	1/4     	1/4             	1     	    	5  	59  	274
25	25	1/4     	1/4     	4/4    	1    	1    	1/4     	1/4             	1     	    	2  	62  	269
25	25	1/2     	1/2     	4/4    	4    	1    	1/8     	1/8             	1     	    	1  	55  	280
25	25	1/2     	1/2     	4/4    	3    	1    	1/8     	1/8             	1     	    	-2 	58  	275
25	25	1/2     	1/2     	4/4    	1    	1    	1/8     	1/8             	1     	    	2  	62  	270
25	25	5/8     	5/8     	4/4    	4    	1    	1/8     	1/8             	1     	    	1  	55  	281
25	25	5/8     	5/8     	4/4    	3    	1    	1/8     	1/8             	1     	    	-2 	58  	276
25	25	5/8     	5/8     	4/4    	1    	1    	1/8     	1/8             	1     	    	2  	62  	271
25	25	3/4     	3/4     	4/4    	4    	1    	1/4     	1/4             	1     	1   	1  	55  	282
25	25	3/4     	3/4     	4/4    	3    	1    	1/4     	1/4             	1     	1   	-2 	58  	277
25	25	3/4     	3/4     	4/4    	1    	1    	1/4     	1/4             	1     	1   	2  	62  	272
26	26	0       	0       	4/4    	4    	1    	1/4     	1/4             	1     	-1  	1  	55  	293
26	26	0       	0       	4/4    	3    	1    	1/4     	1/4             	1     	-1  	-2 	58  	288
26	26	0       	0       	4/4    	1    	1    	1/4     	1/4             	1     	-1  	2  	62  	283
26	26	1/4     	1/4     	4/4    	3    	1    	1/8     	1/8             	1     	    	3  	57  	289
26	26	1/4     	1/4     	4/4    	4    	1    	1/8     	1/8             	1     	    	3  	57  	294
26	26	1/4     	1/4     	4/4    	1    	1    	1/8     	1/8             	1     	    	7  	61  	284
26	26	3/8     	3/8     	4/4    	3    	1    	1/8     	1/8             	1     	    	3  	57  	290
26	26	3/8     	3/8     	4/4    	4    	1    	1/8     	1/8             	1     	    	3  	57  	295
26	26	3/8     	3/8     	4/4    	1    	1    	1/8     	1/8             	1     	    	7  	61  	285
26	26	1/2     	1/2     	4/4    	4    	1    	1/4     	1/4             	1     	    	2  	50  	296
26	26	1/2     	1/2     	4/4    	3    	1    	1/4     	1/4             	1     	    	6  	54  	291
26	26	1/2     	1/2     	4/4    	1    	1    	1/4     	1/4             	1     	    	3  	57  	286
26	26	3/4     	3/4     	4/4    	4    	1    	1/4     	1/4             	1     	    	2  	50  	297
26	26	3/4     	3/4     	4/4    	3    	1    	1/4     	1/4             	1     	    	6  	54  	292
26	26	3/4     	3/4     	4/4    	1    	1    	1/4     	1/4             	1     	    	3  	57  	287
27	27	1/4     	1/4     	4/4    	4    	1    	1/4     	1/4             	1     	    	2  	50  	307
27	27	1/4     	1/4     	4/4    	5    	1    	1/4     	1/4             	1     	    	2  	50  	310
27	27	1/4     	1/4     	4/4    	3    	1    	1/4     	1/4             	1     	    	2  	62  	304
27	27	1/4     	1/4     	4/4    	2    	1    	1/4     	1/4             	1     	    	6  	66  	301
27	27	1/4     	1/4     	4/4    	1    	1    	1/4     	1/4             	1     	    	3  	69  	298
27	27	1/2     	1/2     	4/4    	5    	1    	1/4     	1/4             	1     	    	2  	50  	311
27	27	1/2     	1/2     	4/4    	4    	1    	1/4     	1/4             	1     	    	3  	57  	308
27	27	1/2     	1/2     	4/4    	3    	1    	1/4     	1/4             	1     	    	2  	62  	305
27	27	1/2     	1/2     	4/4    	2    	1    	1/4     	1/4             	1     	    	6  	66  	302
27	27	1/2     	1/2     	4/4    	1    	1    	1/4     	1/4             	1     	    	3  	69  	299
27	27	3/4     	3/4     	4/4    	5    	1    	1/4     	1/4             	1     	1   	2  	50  	312
27	27	3/4     	3/4     	4/4    	4    	1    	1/4     	1/4             	1     	1   	3  	57  	309
27	27	3/4     	3/4     	4/4    	3    	1    	1/4     	1/4             	1     	1   	2  	62  	306
27	27	3/4     	3/4     	4/4    	2    	1    	1/4     	1/4             	1     	1   	6  	66  	303
27	27	3/4     	3/4     	4/4    	1    	1    	1/4     	1/4             	1     	1   	3  	69  	300
28	28	0       	0       	4/4    	5    	1    	1/8     	1/8             	1     	-1  	2  	50  	333
28	28	0       	0       	4/4    	4    	1    	1/8     	1/8             	1     	-1  	3  	57  	328
28	28	0       	0       	4/4    	3    	1    	1/8     	1/8             	1     	-1  	2  	62  	323
28	28	0       	0       	4/4    	2    	1    	1/8     	1/8             	1     	-1  	6  	66  	318
28	28	0       	0       	4/4    	1    	1    	1/8     	1/8             	1     	-1  	3  	69  	313
28	28	1/8     	1/8     	4/4    	5    	1    	1/8     	1/8             	1     	    	2  	50  	334
28	28	1/8     	1/8     	4/4    	4    	1    	1/8     	1/8             	1     	    	3  	57  	329
28	28	1/8     	1/8     	4/4    	3    	1    	1/8     	1/8             	1     	    	2  	62  	324
28	28	1/8     	1/8     	4/4    	2    	1    	1/8     	1/8             	1     	    	6  	66  	319
28	28	1/8     	1/8     	4/4    	1    	1    	1/8     	1/8             	1     	    	3  	69  	314
28	28	1/4     	1/4     	4/4    	4    	1    	1/4     	1/4             	1     	    	1  	55  	330
28	28	1/4     	1/4     	4/4    	5    	1    	1/4     	1/4             	1     	    	1  	55  	335
28	28	1/4     	1/4     	4/4    	3    	1    	1/4     	1/4             	1     	    	2  	62  	325
28	28	1/4     	1/4     	4/4    	2    	1    	1/4     	1/4             	1     	    	1  	67  	320
28	28	1/4     	1/4     	4/4    	1    	1    	1/4     	1/4             	1     	    	-2 	70  	315
28	28	1/2     	1/2     	4/4    	5    	1    	1/4     	1/4             	1     	    	-1 	53  	336
28	28	1/2     	1/2     	4/4    	4    	1    	1/4     	1/4             	1     	    	0  	60  	331
28	28	1/2     	1/2     	4/4    	3    	1    	1/4     	1/4             	1     	    	-1 	65  	326
28	28	1/2     	1/2     	4/4    	2    	1    	1/4     	1/4             	1     	    	3  	69  	321
28	28	1/2     	1/2     	4/4    	1    	1    	1/4     	1/4             	1     	    	0  	72  	316
28	28	3/4     	3/4     	4/4    	5    	1    	1/4     	1/4             	1     	1   	-1 	53  	337
28	28	3/4     	3/4     	4/4    	4    	1    	1/4     	1/4             	1     	1   	0  	60  	332
28	28	3/4     	3/4     	4/4    	3    	1    	1/4     	1/4             	1     	1   	-1 	65  	327
28	28	3/4     	3/4     	4/4    	2    	1    	1/4     	1/4             	1     	1   	3  	69  	322
28	28	3/4     	3/4     	4/4    	1    	1    	1/4     	1/4             	1     	1   	0  	72  	317
29	29	0       	0       	4/4    	5    	1    	1/8     	1/8             	1     	-1  	-1 	53  	354
29	29	0       	0       	4/4    	4    	1    	1/8     	1/8             	1     	-1  	0  	60  	350
29	29	0       	0       	4/4    	3    	1    	1/8     	1/8             	1     	-1  	-1 	65  	346
29	29	0       	0       	4/4    	2    	1    	1/8     	1/8             	1     	-1  	3  	69  	342
29	29	0       	0       	4/4    	1    	1    	1/8     	1/8             	1     	-1  	0  	72  	338
29	29	1/8     	1/8     	4/4    	5    	1    	1/8     	1/8             	1     	    	-1 	53  	355
29	29	1/8     	1/8     	4/4    	4    	1    	1/8     	1/8             	1     	    	0  	60  	351
29	29	1/8     	1/8     	4/4    	3    	1    	1/8     	1/8             	1     	    	-1 	65  	347
29	29	1/8     	1/8     	4/4    	2    	1    	1/8     	1/8             	1     	    	3  	69  	343
29	29	1/8     	1/8     	4/4    	1    	1    	1/8     	1/8             	1     	    	0  	72  	339
29	29	1/4     	1/4     	4/4    	5    	1    	1/4     	1/4             	1     	    	-3 	51  	356
29	29	1/4     	1/4     	4/4    	4    	1    	1/4     	1/4             	1     	    	-3 	63  	352
29	29	1/4     	1/4     	4/4    	2    	1    	1/4     	1/4             	1     	    	1  	67  	344
29	29	1/4     	1/4     	4/4    	3    	1    	1/4     	1/4             	1     	    	1  	67  	348
29	29	1/4     	1/4     	4/4    	1    	1    	1/4     	1/4             	1     	    	0  	72  	340
29	29	1/2     	1/2     	4/4    	5    	1    	1/2     	1/2             	1     	1   	-1 	53  	357
29	29	1/2     	1/2     	4/4    	4    	1    	1/2     	1/2             	1     	1   	0  	60  	353
29	29	1/2     	1/2     	4/4    	3    	1    	1/2     	1/2             	1     	1   	-1 	65  	349
29	29	1/2     	1/2     	4/4    	2    	1    	1/2     	1/2             	1     	1   	3  	69  	345
29	29	1/2     	1/2     	4/4    	1    	1    	1/2     	1/2             	1     	1   	0  	72  	341
30	30	0       	0       	4/4    	5    	1    	1/4     	1/4             	1     	-1  	-1 	53  	376
30	30	0       	0       	4/4    	4    	1    	1/4     	1/4             	1     	-1  	0  	60  	371
30	30	0       	0       	4/4    	3    	1    	1/4     	1/4             	1     	-1  	-1 	65  	366
30	30	0       	0       	4/4    	2    	1    	1/4     	1/4             	1     	-1  	3  	69  	362
30	30	0       	0       	4/4    	1    	1    	1/4     	1/4             	1     	-1  	0  	72  	358
30	30	1/4     	1/4     	4/4    	4    	1    	1/4     	1/4             	1     	    	-2 	58  	372
30	30	1/4     	1/4     	4/4    	5    	1    	1/4     	1/4             	1     	    	-2 	58  	377
30	30	1/4     	1/4     	4/4    	3    	1    	1/4     	1/4             	1     	    	-1 	65  	367
30	30	1/4     	1/4     	4/4    	2    	1    	1/4     	1/4             	1     	    	-2 	70  	363
30	30	1/4     	1/4     	4/4    	1    	1    	1/4     	1/4             	1     	    	2  	74  	359
30	30	1/2     	1/2     	4/4    	4    	1    	1/8     	1/8             	1     	    	-2 	58  	373
30	30	1/2     	1/2     	4/4    	5    	1    	1/8     	1/8             	1     	    	-2 	58  	378
30	30	1/2     	1/2     	4/4    	3    	1    	1/8     	1/8             	1     	    	2  	62  	368
30	30	5/8     	5/8     	4/4    	4    	1    	1/8     	1/8             	1     	    	-2 	58  	374
30	30	5/8     	5/8     	4/4    	5    	1    	1/8     	1/8             	1     	    	-2 	58  	379
30	30	5/8     	5/8     	4/4    	3    	1    	1/8     	1/8             	1     	    	2  	62  	369
30	30	3/4     	3/4     	4/4    	5    	1    	1/4     	1/4             	1     	1   	-2 	58  	380
30	30	3/4     	3/4     	4/4    	4    	1    	1/4     	1/4             	1     	1   	2  	62  	375
30	30	3/4     	3/4     	4/4    	3    	1    	1/4     	1/4             	1     	1   	-1 	65  	370
30	30	3/4     	3/4     	4/4    	2    	1    	1/8     	1/8             	1     	    	-2 	70  	364
30	30	3/4     	3/4     	4/4    	1    	1    	1/8     	1/8             	1     	    	2  	74  	360
30	30	7/8     	7/8     	4/4    	2    	1    	1/8     	1/8             	1     	    	-2 	70  	365
30	30	7/8     	7/8     	4/4    	1    	1    	1/8     	1/8             	1     	    	2  	74  	361
31	31	0       	0       	4/4    	5    	1    	1/4     	1/4             	1     	-1  	-2 	58  	395
31	31	0       	0       	4/4    	4    	1    	1/4     	1/4             	1     	-1  	2  	62  	391
31	31	0       	0       	4/4    	3    	1    	1/4     	1/4             	1     	-1  	-1 	65  	387
31	31	0       	0       	4/4    	2    	1    	3/4     	1/2             	3/2   	    	2  	74  	384
31	31	0       	0       	4/4    	1    	1    	3/4     	1/2             	3/2   	    	-1 	77  	381
31	31	1/4     	1/4     	4/4    	5    	1    	1/8     	1/8             	1     	    	3  	57  	396
31	31	1/4     	1/4     	4/4    	4    	1    	1/8     	1/8             	1     	    	0  	60  	392
31	31	1/4     	1/4     	4/4    	3    	1    	1/8     	1/8             	1     	    	-1 	65  	388
31	31	3/8     	3/8     	4/4    	5    	1    	1/8     	1/8             	1     	    	1  	55  	397
31	31	3/8     	3/8     	4/4    	4    	1    	1/8     	1/8             	1     	    	-2 	58  	393
31	31	3/8     	3/8     	4/4    	3    	1    	1/8     	1/8             	1     	    	-1 	65  	389
31	31	1/2     	1/2     	4/4    	5    	1    	1/2     	1/2             	1     	1   	-1 	53  	398
31	31	1/2     	1/2     	4/4    	4    	1    	1/2     	1/2             	1     	1   	3  	57  	394
31	31	1/2     	1/2     	4/4    	3    	1    	1/2     	1/2             	1     	1   	-1 	65  	390
31	31	3/4     	3/4     	4/4    	2    	1    	1/8     	1/8             	1     	    	0  	72  	385
31	31	3/4     	3/4     	4/4    	1    	1    	1/8     	1/8             	1     	    	4  	76  	382
31	31	7/8     	7/8     	4/4    	2    	1    	1/8     	1/8             	1     	    	-2 	70  	386
31	31	7/8     	7/8     	4/4    	1    	1    	1/8     	1/8             	1     	    	2  	74  	383
32	32	0       	0       	4/4    	5    	1    	1/4     	1/4             	1     	-1  	-1 	53  	415
32	32	0       	0       	4/4    	4    	1    	1/4     	1/4             	1     	-1  	3  	57  	411
32	32	0       	0       	4/4    	3    	1    	1/4     	1/4             	1     	-1  	-1 	65  	407
32	32	0       	0       	4/4    	2    	1    	3/8     	1/4             	3/2   	    	3  	69  	403
32	32	0       	0       	4/4    	1    	1    	3/8     	1/4             	3/2   	    	0  	72  	399
32	32	1/4     	1/4     	4/4    	5    	1    	1/4     	1/4             	1     	    	-1 	53  	416
32	32	1/4     	1/4     	4/4    	4    	1    	1/4     	1/4             	1     	    	3  	57  	412
32	32	1/4     	1/4     	4/4    	3    	1    	1/4     	1/4             	1     	    	-1 	65  	408
32	32	3/8     	3/8     	4/4    	2    	1    	1/8     	1/8             	1     	    	3  	69  	404
32	32	3/8     	3/8     	4/4    	1    	1    	1/8     	1/8             	1     	    	0  	72  	400
32	32	1/2     	1/2     	4/4    	5    	1    	1/4     	1/4             	1     	    	-1 	53  	417
32	32	1/2     	1/2     	4/4    	4    	1    	1/4     	1/4             	1     	    	3  	57  	413
32	32	1/2     	1/2     	4/4    	3    	1    	1/4     	1/4             	1     	    	-1 	65  	409
32	32	1/2     	1/2     	4/4    	2    	1    	1/4     	1/4             	1     	    	3  	69  	405
32	32	1/2     	1/2     	4/4    	1    	1    	1/4     	1/4             	1     	    	0  	72  	401
32	32	3/4     	3/4     	4/4    	4    	1    	1/4     	1/4             	1     	    	3  	57  	414
32	32	3/4     	3/4     	4/4    	5    	1    	1/4     	1/4             	1     	    	3  	57  	418
32	32	3/4     	3/4     	4/4    	3    	1    	1/4     	1/4             	1     	    	4  	64  	410
32	32	3/4     	3/4     	4/4    	1    	1    	1/4     	1/4             	1     	    	0  	72  	402
32	32	3/4     	3/4     	4/4    	2    	1    	1/4     	1/4             	1     	    	0  	72  	406
33	33	0       	0       	4/4    	5    	1    	3/4     	1/2             	3/2   	    	1  	55  	427
33	33	0       	0       	4/4    	4    	1    	3/4     	1/2             	3/2   	    	2  	62  	425
33	33	0       	0       	4/4    	3    	1    	3/4     	1/2             	3/2   	    	1  	67  	423
33	33	0       	0       	4/4    	2    	1    	3/4     	1/2             	3/2   	    	5  	71  	421
33	33	0       	0       	4/4    	1    	1    	3/4     	1/2             	3/2   	    	2  	74  	419
33	33	3/4     	3/4     	4/4    	4    	1    	1/4     	1/4             	1     	    	0  	60  	426
33	33	3/4     	3/4     	4/4    	5    	1    	1/4     	1/4             	1     	    	0  	60  	428
33	33	3/4     	3/4     	4/4    	3    	1    	1/4     	1/4             	1     	    	1  	67  	424
33	33	3/4     	3/4     	4/4    	2    	1    	1/4     	1/4             	1     	    	0  	72  	422
33	33	3/4     	3/4     	4/4    	1    	1    	1/4     	1/4             	1     	    	4  	76  	420
34	34	1/4     	1/4     	4/4    	5    	1    	3/8     	1/4             	3/2   	    	0  	60  	441
34	34	1/4     	1/4     	4/4    	4    	1    	3/8     	1/4             	3/2   	    	4  	64  	438
34	34	1/4     	1/4     	4/4    	3    	1    	3/8     	1/4             	3/2   	    	1  	67  	435
34	34	1/4     	1/4     	4/4    	2    	1    	3/8     	1/4             	3/2   	    	0  	72  	432
34	34	1/4     	1/4     	4/4    	1    	1    	3/8     	1/4             	3/2   	    	4  	76  	429
34	34	5/8     	5/8     	4/4    	5    	1    	1/8     	1/8             	1     	    	0  	60  	442
34	34	5/8     	5/8     	4/4    	4    	1    	1/8     	1/8             	1     	    	4  	64  	439
34	34	5/8     	5/8     	4/4    	3    	1    	1/8     	1/8             	1     	    	1  	67  	436
34	34	5/8     	5/8     	4/4    	2    	1    	1/8     	1/8             	1     	    	0  	72  	433
34	34	5/8     	5/8     	4/4    	1    	1    	1/8     	1/8             	1     	    	4  	76  	430
34	34	3/4     	3/4     	4/4    	5    	1    	1/4     	1/4             	1     	    	0  	60  	443
34	34	3/4     	3/4     	4/4    	4    	1    	1/4     	1/4             	1     	    	4  	64  	440
34	34	3/4     	3/4     	4/4    	3    	1    	1/4     	1/4             	1     	    	1  	67  	437
34	34	3/4     	3/4     	4/4    	2    	1    	1/4     	1/4             	1     	    	0  	72  	434
34	34	3/4     	3/4     	4/4    	1    	1    	1/4     	1/4             	1     	    	4  	76  	431
35	35	0       	0       	4/4    	5    	1    	1/4     	1/4             	1     	    	0  	60  	456
35	35	0       	0       	4/4    	4    	1    	1/4     	1/4             	1     	    	4  	64  	453
35	35	0       	0       	4/4    	3    	1    	1/4     	1/4             	1     	    	1  	67  	450
35	35	0       	0       	4/4    	2    	1    	1/4     	1/4             	1     	    	0  	72  	447
35	35	0       	0       	4/4    	1    	1    	1/4     	1/4             	1     	    	4  	76  	444
35	35	1/4     	1/4     	4/4    	4    	1    	1/4     	1/4             	1     	    	2  	62  	454
35	35	1/4     	1/4     	4/4    	5    	1    	1/4     	1/4             	1     	    	2  	62  	457
35	35	1/4     	1/4     	4/4    	3    	1    	1/4     	1/4             	1     	    	-1 	65  	451
35	35	1/4     	1/4     	4/4    	2    	1    	1/4     	1/4             	1     	    	3  	69  	448
35	35	1/4     	1/4     	4/4    	1    	1    	1/4     	1/4             	1     	    	-1 	77  	445
35	35	1/2     	1/2     	4/4    	5    	1    	1/2     	1/2             	1     	1   	-2 	58  	458
35	35	1/2     	1/2     	4/4    	4    	1    	1/2     	1/2             	1     	1   	2  	62  	455
35	35	1/2     	1/2     	4/4    	3    	1    	1/2     	1/2             	1     	    	-1 	65  	452
35	35	1/2     	1/2     	4/4    	2    	1    	1/2     	1/2             	1     	1   	-2 	70  	449
35	35	1/2     	1/2     	4/4    	1    	1    	1/2     	1/2             	1     	1   	2  	74  	446
36	36	0       	0       	4/4    	5    	1    	1/4     	1/4             	1     	-1  	-2 	58  	475
36	36	0       	0       	4/4    	4    	1    	1/4     	1/4             	1     	-1  	2  	62  	471
36	36	0       	0       	4/4    	3    	1    	1/4     	1/4             	1     	    	-1 	65  	467
36	36	0       	0       	4/4    	2    	1    	1/4     	1/4             	1     	-1  	-2 	70  	463
36	36	0       	0       	4/4    	1    	1    	1/4     	1/4             	1     	-1  	2  	74  	459
36	36	1/4     	1/4     	4/4    	5    	1    	3/8     	1/4             	3/2   	    	-1 	53  	476
36	36	1/4     	1/4     	4/4    	4    	1    	3/8     	1/4             	3/2   	    	3  	57  	472
36	36	1/4     	1/4     	4/4    	3    	1    	3/8     	1/4             	3/2   	    	-1 	65  	468
36	36	1/4     	1/4     	4/4    	2    	1    	3/8     	1/4             	3/2   	    	3  	69  	464
36	36	1/4     	1/4     	4/4    	1    	1    	3/8     	1/4             	3/2   	    	0  	72  	460
36	36	5/8     	5/8     	4/4    	5    	1    	1/8     	1/8             	1     	    	-1 	53  	477
36	36	5/8     	5/8     	4/4    	4    	1    	1/8     	1/8             	1     	    	0  	60  	473
36	36	5/8     	5/8     	4/4    	3    	1    	1/8     	1/8             	1     	    	-1 	65  	469
36	36	5/8     	5/8     	4/4    	2    	1    	1/8     	1/8             	1     	    	3  	69  	465
36	36	5/8     	5/8     	4/4    	1    	1    	1/8     	1/8             	1     	    	0  	72  	461
36	36	3/4     	3/4     	4/4    	4    	1    	1/4     	1/4             	1     	    	1  	55  	474
36	36	3/4     	3/4     	4/4    	5    	1    	1/4     	1/4             	1     	    	1  	55  	478
36	36	3/4     	3/4     	4/4    	3    	1    	1/4     	1/4             	1     	    	2  	62  	470
36	36	3/4     	3/4     	4/4    	2    	1    	1/4     	1/4             	1     	    	1  	67  	466
36	36	3/4     	3/4     	4/4    	1    	1    	1/4     	1/4             	1     	    	5  	71  	462
37	37	0       	0       	4/4    	5    	1    	1/4     	1/4             	1     	    	0  	48  	499
37	37	0       	0       	4/4    	4    	1    	1/4     	1/4             	1     	    	1  	55  	494
37	37	0       	0       	4/4    	3    	1    	1/4     	1/4             	1     	    	0  	60  	489
37	37	0       	0       	4/4    	2    	1    	1/4     	1/4             	1     	    	4  	64  	484
37	37	0       	0       	4/4    	1    	1    	1/4     	1/4             	1     	    	1  	67  	479
37	37	1/4     	1/4     	4/4    	5    	1    	1/4     	1/4             	1     	    	0  	48  	500
37	37	1/4     	1/4     	4/4    	4    	1    	1/4     	1/4             	1     	    	1  	55  	495
37	37	1/4     	1/4     	4/4    	3    	1    	1/4     	1/4             	1     	    	0  	60  	490
37	37	1/4     	1/4     	4/4    	2    	1    	1/4     	1/4             	1     	    	4  	64  	485
37	37	1/4     	1/4     	4/4    	1    	1    	1/4     	1/4             	1     	    	1  	67  	480
37	37	1/2     	1/2     	4/4    	5    	1    	1/8     	1/8             	1     	    	0  	48  	501
37	37	1/2     	1/2     	4/4    	4    	1    	1/8     	1/8             	1     	    	1  	55  	496
37	37	1/2     	1/2     	4/4    	3    	1    	1/8     	1/8             	1     	    	0  	60  	491
37	37	1/2     	1/2     	4/4    	2    	1    	1/8     	1/8             	1     	    	4  	64  	486
37	37	1/2     	1/2     	4/4    	1    	1    	1/8     	1/8             	1     	    	1  	67  	481
37	37	5/8     	5/8     	4/4    	5    	1    	1/8     	1/8             	1     	    	0  	48  	502
37	37	5/8     	5/8     	4/4    	4    	1    	1/8     	1/8             	1     	    	1  	55  	497
37	37	5/8     	5/8     	4/4    	3    	1    	1/8     	1/8             	1     	    	0  	60  	492
37	37	5/8     	5/8     	4/4    	2    	1    	1/8     	1/8             	1     	    	4  	64  	487
37	37	5/8     	5/8     	4/4    	1    	1    	1/8     	1/8             	1     	    	1  	67  	482
37	37	3/4     	3/4     	4/4    	5    	1    	1/4     	1/4             	1     	1   	0  	48  	503
37	37	3/4     	3/4     	4/4    	4    	1    	1/4     	1/4             	1     	1   	1  	55  	498
37	37	3/4     	3/4     	4/4    	3    	1    	1/4     	1/4             	1     	1   	0  	60  	493
37	37	3/4     	3/4     	4/4    	2    	1    	1/4     	1/4             	1     	1   	4  	64  	488
37	37	3/4     	3/4     	4/4    	1    	1    	1/4     	1/4             	1     	1   	1  	67  	483
38	38	0       	0       	4/4    	5    	1    	1/4     	1/4             	1     	-1  	0  	48  	524
38	38	0       	0       	4/4    	4    	1    	1/4     	1/4             	1     	-1  	1  	55  	519
38	38	0       	0       	4/4    	3    	1    	1/4     	1/4             	1     	-1  	0  	60  	514
38	38	0       	0       	4/4    	2    	1    	1/4     	1/4             	1     	-1  	4  	64  	509
38	38	0       	0       	4/4    	1    	1    	1/4     	1/4             	1     	-1  	1  	67  	504
38	38	1/4     	1/4     	4/4    	4    	1    	1/8     	1/8             	1     	    	2  	50  	520
38	38	1/4     	1/4     	4/4    	5    	1    	1/8     	1/8             	1     	    	2  	50  	525
38	38	1/4     	1/4     	4/4    	3    	1    	1/8     	1/8             	1     	    	3  	57  	515
38	38	1/4     	1/4     	4/4    	2    	1    	1/8     	1/8             	1     	    	2  	62  	510
38	38	1/4     	1/4     	4/4    	1    	1    	1/8     	1/8             	1     	    	6  	66  	505
38	38	3/8     	3/8     	4/4    	4    	1    	1/8     	1/8             	1     	    	2  	50  	521
38	38	3/8     	3/8     	4/4    	5    	1    	1/8     	1/8             	1     	    	2  	50  	526
38	38	3/8     	3/8     	4/4    	3    	1    	1/8     	1/8             	1     	    	3  	57  	516
38	38	3/8     	3/8     	4/4    	2    	1    	1/8     	1/8             	1     	    	2  	62  	511
38	38	3/8     	3/8     	4/4    	1    	1    	1/8     	1/8             	1     	    	6  	66  	506
38	38	1/2     	1/2     	4/4    	5    	1    	1/4     	1/4             	1     	    	1  	43  	527
38	38	1/2     	1/2     	4/4    	4    	1    	1/4     	1/4             	1     	    	2  	50  	522
38	38	1/2     	1/2     	4/4    	3    	1    	1/4     	1/4             	1     	    	1  	55  	517
38	38	1/2     	1/2     	4/4    	2    	1    	1/4     	1/4             	1     	    	5  	59  	512
38	38	1/2     	1/2     	4/4    	1    	1    	1/4     	1/4             	1     	    	2  	62  	507
38	38	3/4     	3/4     	4/4    	5    	1    	1/4     	1/4             	1     	    	1  	43  	528
38	38	3/4     	3/4     	4/4    	4    	1    	1/4     	1/4             	1     	    	2  	50  	523
38	38	3/4     	3/4     	4/4    	3    	1    	1/4     	1/4             	1     	    	1  	55  	518
38	38	3/4     	3/4     	4/4    	2    	1    	1/4     	1/4             	1     	    	5  	59  	513
38	38	3/4     	3/4     	4/4    	1    	1    	1/4     	1/4             	1     	    	2  	62  	508
39	39	0       	0       	4/4    	4    	1    	1       	1               	1     	    	1  	55  	529
40	40	0       	0       	4/4    	4    	1    	1/2     	1/2             	1     	    	1  	55  	533
40	40	0       	0       	4/4    	5    	1    	1       	1               	1     	    	1  	55  	535
40	40	0       	0       	4/4    	3    	1    	1       	1               	1     	    	2  	62  	532
40	40	0       	0       	4/4    	1    	1    	1       	1               	1     	    	1  	67  	530
40	40	0       	0       	4/4    	2    	1    	1       	1               	1     	    	5  	71  	531
40	40	1/2     	1/2     	4/4    	4    	1    	1/2     	1/2             	1     	    	3  	57  	534
41	41	0       	0       	4/4    	5    	1    	1/2     	1/2             	1     	    	1  	55  	547
41	41	0       	0       	4/4    	4    	1    	3/8     	1/4             	3/2   	    	5  	59  	542
41	41	0       	0       	4/4    	3    	1    	1/2     	1/2             	1     	    	2  	62  	540
41	41	0       	0       	4/4    	1    	1    	1/2     	1/2             	1     	    	1  	67  	536
41	41	0       	0       	4/4    	2    	1    	1/2     	1/2             	1     	    	5  	71  	538
41	41	3/8     	3/8     	4/4    	4    	1    	1/8     	1/8             	1     	    	0  	60  	543
41	41	1/2     	1/2     	4/4    	5    	1    	1/2     	1/2             	1     	    	6  	54  	548
41	41	1/2     	1/2     	4/4    	4    	1    	1/4     	1/4             	1     	    	2  	62  	544
41	41	1/2     	1/2     	4/4    	3    	1    	1/2     	1/2             	1     	    	2  	62  	541
41	41	1/2     	1/2     	4/4    	2    	1    	1/2     	1/2             	1     	    	3  	69  	539
41	41	3/4     	3/4     	4/4    	4    	1    	1/8     	1/8             	1     	    	7  	61  	545
41	41	3/4     	3/4     	4/4    	1    	1    	1/4     	1/4             	1     	    	3  	69  	537
41	41	7/8     	7/8     	4/4    	4    	1    	1/8     	1/8             	1     	    	2  	62  	546
42	42	0       	0       	4/4    	5    	1    	1/2     	1/2             	1     	    	4  	52  	557
42	42	0       	0       	4/4    	3    	1    	1/2     	1/2             	1     	    	2  	62  	553
42	42	0       	0       	4/4    	4    	1    	3/4     	1/2             	3/2   	    	4  	64  	555
42	42	0       	0       	4/4    	2    	1    	1/2     	1/2             	1     	    	1  	67  	551
42	42	0       	0       	4/4    	1    	1    	3/4     	1/2             	3/2   	    	3  	69  	549
42	42	1/2     	1/2     	4/4    	5    	1    	1/2     	1/2             	1     	    	3  	45  	558
42	42	1/2     	1/2     	4/4    	3    	1    	1/2     	1/2             	1     	    	7  	61  	554
42	42	1/2     	1/2     	4/4    	2    	1    	1/2     	1/2             	1     	    	4  	64  	552
42	42	3/4     	3/4     	4/4    	4    	1    	1/4     	1/4             	1     	    	3  	57  	556
42	42	3/4     	3/4     	4/4    	1    	1    	1/4     	1/4             	1     	    	3  	69  	550
43	43	0       	0       	4/4    	5    	1    	1/2     	1/2             	1     	    	2  	50  	567
43	43	0       	0       	4/4    	4    	1    	1/2     	1/2             	1     	    	3  	57  	565
43	43	0       	0       	4/4    	3    	1    	1/2     	1/2             	1     	    	2  	62  	563
43	43	0       	0       	4/4    	2    	1    	1/2     	1/2             	1     	    	6  	66  	561
43	43	0       	0       	4/4    	1    	1    	1/2     	1/2             	1     	    	3  	69  	559
43	43	1/2     	1/2     	4/4    	5    	1    	1/2     	1/2             	1     	    	2  	50  	568
43	43	1/2     	1/2     	4/4    	4    	1    	1/2     	1/2             	1     	    	3  	57  	566
43	43	1/2     	1/2     	4/4    	3    	1    	1/2     	1/2             	1     	    	2  	62  	564
43	43	1/2     	1/2     	4/4    	2    	1    	1/2     	1/2             	1     	    	6  	66  	562
43	43	3/4     	3/4     	4/4    	1    	1    	1/4     	1/4             	1     	    	3  	69  	560
44	44	0       	0       	4/4    	5    	1    	1/2     	1/2             	1     	    	0  	48  	578
44	44	0       	0       	4/4    	4    	1    	1/2     	1/2             	1     	    	0  	60  	576
44	44	0       	0       	4/4    	2    	1    	1/4     	1/4             	1     	    	4  	64  	571
44	44	0       	0       	4/4    	3    	1    	1/2     	1/2             	1     	    	4  	64  	574
44	44	0       	0       	4/4    	1    	1    	3/4     	1/2             	3/2   	    	3  	69  	569
44	44	1/4     	1/4     	4/4    	2    	1    	1/4     	1/4             	1     	    	6  	66  	572
44	44	1/2     	1/2     	4/4    	5    	1    	1/2     	1/2             	1     	    	4  	52  	579
44	44	1/2     	1/2     	4/4    	3    	1    	1/2     	1/2             	1     	    	0  	60  	575
44	44	1/2     	1/2     	4/4    	4    	1    	1/2     	1/2             	1     	    	0  	60  	577
44	44	1/2     	1/2     	4/4    	2    	1    	1/2     	1/2             	1     	1   	1  	67  	573
44	44	3/4     	3/4     	4/4    	1    	1    	1/4     	1/4             	1     	    	3  	69  	570
45	45	0       	0       	4/4    	5    	1    	1       	1               	1     	    	2  	50  	585
45	45	0       	0       	4/4    	4    	1    	1       	1               	1     	    	3  	57  	584
45	45	0       	0       	4/4    	3    	1    	1       	1               	1     	    	2  	62  	583
45	45	0       	0       	4/4    	2    	1    	1/2     	1/2             	1     	-1  	1  	67  	581
45	45	0       	0       	4/4    	1    	1    	1       	1               	1     	    	3  	69  	580
45	45	1/2     	1/2     	4/4    	2    	1    	1/2     	1/2             	1     	    	6  	66  	582
46	46	0       	0       	4/4    	5    	1    	1       	1               	1     	    	1  	43  	592
46	46	0       	0       	4/4    	4    	1    	1/2     	1/2             	1     	    	5  	59  	589
46	46	0       	0       	4/4    	3    	1    	1       	1               	1     	    	2  	62  	588
46	46	0       	0       	4/4    	1    	1    	1       	1               	1     	    	1  	67  	586
46	46	0       	0       	4/4    	2    	1    	1       	1               	1     	    	1  	67  	587
46	46	3/4     	3/4     	4/4    	4    	1    	1/8     	1/8             	1     	    	2  	62  	590
46	46	7/8     	7/8     	4/4    	4    	1    	1/8     	1/8             	1     	    	2  	62  	591
47	47	0       	0       	4/4    	5    	1    	1/2     	1/2             	1     	    	1  	55  	603
47	47	0       	0       	4/4    	4    	1    	3/4     	1/2             	3/2   	    	2  	62  	600
47	47	0       	0       	4/4    	2    	1    	1/2     	1/2             	1     	    	5  	71  	595
47	47	1/4     	1/4     	4/4    	3    	1    	1/8     	1/8             	1     	    	2  	62  	597
47	47	3/8     	3/8     	4/4    	3    	1    	1/8     	1/8             	1     	    	2  	62  	598
47	47	1/2     	1/2     	4/4    	5    	1    	1/2     	1/2             	1     	    	6  	54  	604
47	47	1/2     	1/2     	4/4    	3    	1    	1/2     	1/2             	1     	1   	2  	62  	599
47	47	1/2     	1/2     	4/4    	2    	1    	1/2     	1/2             	1     	    	3  	69  	596
47	47	3/4     	3/4     	4/4    	4    	1    	1/8     	1/8             	1     	    	3  	57  	601
47	47	3/4     	3/4     	4/4    	1    	1    	1/8     	1/8             	1     	    	2  	74  	593
47	47	7/8     	7/8     	4/4    	4    	1    	1/8     	1/8             	1     	    	3  	57  	602
47	47	7/8     	7/8     	4/4    	1    	1    	1/8     	1/8             	1     	    	2  	74  	594
48	48	0       	0       	4/4    	5    	1    	1/2     	1/2             	1     	    	4  	52  	616
48	48	0       	0       	4/4    	4    	1    	1/2     	1/2             	1     	    	5  	59  	614
48	48	0       	0       	4/4    	3    	1    	1/4     	1/4             	1     	-1  	2  	62  	611
48	48	0       	0       	4/4    	2    	1    	1/2     	1/2             	1     	    	1  	67  	608
48	48	0       	0       	4/4    	1    	1    	3/4     	1/2             	3/2   	    	2  	74  	605
48	48	1/4     	1/4     	4/4    	3    	1    	1/4     	1/4             	1     	    	5  	59  	612
48	48	1/2     	1/2     	4/4    	5    	1    	1/4     	1/4             	1     	    	4  	52  	617
48	48	1/2     	1/2     	4/4    	4    	1    	1/2     	1/2             	1     	    	4  	52  	615
48	48	1/2     	1/2     	4/4    	3    	1    	1/2     	1/2             	1     	    	7  	61  	613
48	48	1/2     	1/2     	4/4    	2    	1    	1/4     	1/4             	1     	    	6  	66  	609
48	48	3/4     	3/4     	4/4    	5    	1    	1/4     	1/4             	1     	    	4  	52  	618
48	48	3/4     	3/4     	4/4    	2    	1    	1/4     	1/4             	1     	    	4  	64  	610
48	48	3/4     	3/4     	4/4    	1    	1    	1/8     	1/8             	1     	    	3  	69  	606
48	48	7/8     	7/8     	4/4    	1    	1    	1/8     	1/8             	1     	    	1  	67  	607
49	49	0       	0       	4/4    	5    	1    	1/2     	1/2             	1     	    	2  	50  	630
49	49	0       	0       	4/4    	4    	1    	3/4     	1/2             	3/2   	    	3  	57  	628
49	49	0       	0       	4/4    	3    	1    	1/2     	1/2             	1     	    	2  	62  	625
49	49	0       	0       	4/4    	2    	1    	1/2     	1/2             	1     	    	6  	66  	622
49	49	0       	0       	4/4    	1    	1    	1/2     	1/2             	1     	    	3  	69  	619
49	49	1/2     	1/2     	4/4    	5    	1    	1/4     	1/4             	1     	    	2  	50  	631
49	49	1/2     	1/2     	4/4    	3    	1    	1/4     	1/4             	1     	    	2  	62  	626
49	49	1/2     	1/2     	4/4    	2    	1    	1/4     	1/4             	1     	    	6  	66  	623
49	49	1/2     	1/2     	4/4    	1    	1    	1/4     	1/4             	1     	    	3  	69  	620
49	49	3/4     	3/4     	4/4    	5    	1    	1/4     	1/4             	1     	    	2  	50  	632
49	49	3/4     	3/4     	4/4    	4    	1    	1/4     	1/4             	1     	    	6  	54  	629
49	49	3/4     	3/4     	4/4    	3    	1    	1/4     	1/4             	1     	    	2  	62  	627
49	49	3/4     	3/4     	4/4    	2    	1    	1/4     	1/4             	1     	    	6  	66  	624
49	49	3/4     	3/4     	4/4    	1    	1    	1/4     	1/4             	1     	    	5  	71  	621
50	50	0       	0       	4/4    	5    	1    	1/2     	1/2             	1     	    	4  	52  	642
50	50	0       	0       	4/4    	4    	1    	1/2     	1/2             	1     	    	1  	55  	639
50	50	0       	0       	4/4    	3    	1    	1/2     	1/2             	1     	    	5  	59  	637
50	50	0       	0       	4/4    	2    	1    	1/2     	1/2             	1     	    	4  	64  	635
50	50	0       	0       	4/4    	1    	1    	3/4     	1/2             	3/2   	    	1  	67  	633
50	50	1/2     	1/2     	4/4    	5    	1    	1/2     	1/2             	1     	    	3  	45  	643
50	50	1/2     	1/2     	4/4    	4    	1    	1/4     	1/4             	1     	    	4  	52  	640
50	50	1/2     	1/2     	4/4    	3    	1    	1/2     	1/2             	1     	    	0  	60  	638
50	50	1/2     	1/2     	4/4    	2    	1    	1/2     	1/2             	1     	    	4  	64  	636
50	50	3/4     	3/4     	4/4    	4    	1    	1/4     	1/4             	1     	1   	3  	57  	641
50	50	3/4     	3/4     	4/4    	1    	1    	1/4     	1/4             	1     	    	4  	64  	634
51	51	0       	0       	4/4    	5    	1    	1/2     	1/2             	1     	    	2  	50  	652
51	51	0       	0       	4/4    	4    	1    	1/4     	1/4             	1     	-1  	3  	57  	650
51	51	0       	0       	4/4    	3    	1    	1       	1               	1     	    	3  	57  	649
51	51	0       	0       	4/4    	2    	1    	1/2     	1/2             	1     	    	2  	62  	647
51	51	0       	0       	4/4    	1    	1    	1/2     	1/2             	1     	    	6  	66  	644
51	51	1/4     	1/4     	4/4    	4    	1    	1/4     	1/4             	1     	    	3  	57  	651
51	51	1/2     	1/2     	4/4    	5    	1    	1/2     	1/2             	1     	1   	2  	50  	653
51	51	1/2     	1/2     	4/4    	2    	1    	1/2     	1/2             	1     	    	2  	62  	648
51	51	1/2     	1/2     	4/4    	1    	1    	1/4     	1/4             	1     	    	6  	66  	645
51	51	3/4     	3/4     	4/4    	1    	1    	1/4     	1/4             	1     	    	3  	69  	646
52	52	0       	0       	4/4    	5    	1    	1/2     	1/2             	1     	-1  	2  	50  	662
52	52	0       	0       	4/4    	3    	1    	1       	1               	1     	    	2  	62  	659
52	52	0       	0       	4/4    	2    	1    	1/2     	1/2             	1     	    	6  	66  	657
52	52	0       	0       	4/4    	1    	1    	1/4     	1/4             	1     	    	3  	69  	654
52	52	1/4     	1/4     	4/4    	4    	1    	1/2     	1/2             	1     	    	6  	54  	660
52	52	1/4     	1/4     	4/4    	1    	1    	1/2     	1/2             	1     	    	2  	74  	655
52	52	1/2     	1/2     	4/4    	5    	1    	1/2     	1/2             	1     	    	5  	47  	663
52	52	1/2     	1/2     	4/4    	2    	1    	1/2     	1/2             	1     	    	5  	71  	658
52	52	3/4     	3/4     	4/4    	4    	1    	1/4     	1/4             	1     	1   	5  	59  	661
52	52	3/4     	3/4     	4/4    	1    	1    	1/4     	1/4             	1     	1   	8  	68  	656
53	53	0       	0       	4/4    	5    	1    	1/2     	1/2             	1     	    	4  	52  	675
53	53	0       	0       	4/4    	4    	1    	1/4     	1/4             	1     	-1  	5  	59  	671
53	53	0       	0       	4/4    	3    	1    	1/2     	1/2             	1     	    	5  	59  	669
53	53	0       	0       	4/4    	2    	1    	1/2     	1/2             	1     	    	4  	64  	667
53	53	0       	0       	4/4    	1    	1    	1/4     	1/4             	1     	-1  	8  	68  	664
53	53	1/4     	1/4     	4/4    	4    	1    	1/4     	1/4             	1     	    	8  	56  	672
53	53	1/4     	1/4     	4/4    	1    	1    	1/2     	1/2             	1     	    	4  	76  	665
53	53	1/2     	1/2     	4/4    	5    	1    	1/2     	1/2             	1     	    	7  	49  	676
53	53	1/2     	1/2     	4/4    	4    	1    	1/4     	1/4             	1     	    	4  	52  	673
53	53	1/2     	1/2     	4/4    	3    	1    	1/2     	1/2             	1     	    	4  	64  	670
53	53	1/2     	1/2     	4/4    	2    	1    	1/2     	1/2             	1     	    	3  	69  	668
53	53	3/4     	3/4     	4/4    	4    	1    	1/4     	1/4             	1     	    	4  	52  	674
53	53	3/4     	3/4     	4/4    	1    	1    	1/4     	1/4             	1     	1   	3  	69  	666
54	54	0       	0       	4/4    	5    	1    	1/2     	1/2             	1     	    	2  	50  	687
54	54	0       	0       	4/4    	4    	1    	1/2     	1/2             	1     	    	3  	57  	685
54	54	0       	0       	4/4    	3    	1    	1/2     	1/2             	1     	    	2  	62  	682
54	54	0       	0       	4/4    	2    	1    	1/2     	1/2             	1     	    	6  	66  	680
54	54	0       	0       	4/4    	1    	1    	1/4     	1/4             	1     	-1  	3  	69  	677
54	54	1/4     	1/4     	4/4    	1    	1    	1/2     	1/2             	1     	    	6  	66  	678
54	54	1/2     	1/2     	4/4    	5    	1    	1/2     	1/2             	1     	    	5  	47  	688
54	54	1/2     	1/2     	4/4    	4    	1    	1/2     	1/2             	1     	1   	5  	59  	686
54	54	1/2     	1/2     	4/4    	3    	1    	1/4     	1/4             	1     	    	2  	62  	683
54	54	1/2     	1/2     	4/4    	2    	1    	1/2     	1/2             	1     	    	2  	74  	681
54	54	3/4     	3/4     	4/4    	3    	1    	1/4     	1/4             	1     	    	2  	62  	684
54	54	3/4     	3/4     	4/4    	1    	1    	1/4     	1/4             	1     	1   	2  	74  	679
55	55	0       	0       	4/4    	5    	1    	1/2     	1/2             	1     	    	4  	52  	700
55	55	0       	0       	4/4    	4    	1    	1/4     	1/4             	1     	-1  	5  	59  	697
55	55	0       	0       	4/4    	3    	1    	1/2     	1/2             	1     	    	4  	64  	694
55	55	0       	0       	4/4    	2    	1    	1/2     	1/2             	1     	    	5  	71  	692
55	55	0       	0       	4/4    	1    	1    	1/4     	1/4             	1     	-1  	2  	74  	689
55	55	1/4     	1/4     	4/4    	4    	1    	1/4     	1/4             	1     	    	5  	59  	698
55	55	1/4     	1/4     	4/4    	1    	1    	1/2     	1/2             	1     	    	8  	68  	690
55	55	1/2     	1/2     	4/4    	5    	1    	1/4     	1/4             	1     	    	7  	49  	701
55	55	1/2     	1/2     	4/4    	4    	1    	1/2     	1/2             	1     	1   	7  	61  	699
55	55	1/2     	1/2     	4/4    	3    	1    	1/4     	1/4             	1     	    	4  	64  	695
55	55	1/2     	1/2     	4/4    	2    	1    	1/2     	1/2             	1     	    	4  	76  	693
55	55	3/4     	3/4     	4/4    	5    	1    	1/4     	1/4             	1     	    	7  	49  	702
55	55	3/4     	3/4     	4/4    	3    	1    	1/4     	1/4             	1     	    	4  	64  	696
55	55	3/4     	3/4     	4/4    	1    	1    	1/4     	1/4             	1     	1   	4  	76  	691
56	56	0       	0       	4/4    	5    	1    	3/8     	1/4             	3/2   	    	3  	45  	715
56	56	0       	0       	4/4    	4    	1    	1/4     	1/4             	1     	-1  	7  	61  	712
56	56	0       	0       	4/4    	3    	1    	3/8     	1/4             	3/2   	    	4  	64  	709
56	56	0       	0       	4/4    	2    	1    	3/8     	1/4             	3/2   	    	7  	73  	706
56	56	0       	0       	4/4    	1    	1    	1/4     	1/4             	1     	-1  	4  	76  	703
56	56	1/4     	1/4     	4/4    	4    	1    	1/4     	1/4             	1     	    	7  	61  	713
56	56	1/4     	1/4     	4/4    	1    	1    	1/2     	1/2             	1     	    	3  	69  	704
56	56	3/8     	3/8     	4/4    	5    	1    	1/8     	1/8             	1     	    	3  	45  	716
56	56	3/8     	3/8     	4/4    	3    	1    	1/8     	1/8             	1     	    	4  	64  	710
56	56	3/8     	3/8     	4/4    	2    	1    	1/8     	1/8             	1     	    	7  	73  	707
56	56	1/2     	1/2     	4/4    	5    	1    	1/2     	1/2             	1     	    	2  	50  	717
56	56	1/2     	1/2     	4/4    	4    	1    	1/2     	1/2             	1     	    	6  	54  	714
56	56	1/2     	1/2     	4/4    	3    	1    	1/2     	1/2             	1     	1   	2  	62  	711
56	56	1/2     	1/2     	4/4    	2    	1    	1/2     	1/2             	1     	    	3  	69  	708
56	56	3/4     	3/4     	4/4    	1    	1    	1/4     	1/4             	1     	1   	3  	69  	705
57	57	0       	0       	4/4    	5    	1    	1/2     	1/2             	1     	    	4  	52  	728
57	57	0       	0       	4/4    	4    	1    	1/2     	1/2             	1     	    	1  	55  	726
57	57	0       	0       	4/4    	3    	1    	1/4     	1/4             	1     	-1  	2  	62  	723
57	57	0       	0       	4/4    	2    	1    	1/2     	1/2             	1     	    	1  	67  	721
57	57	0       	0       	4/4    	1    	1    	1/4     	1/4             	1     	-1  	3  	69  	718
57	57	1/4     	1/4     	4/4    	3    	1    	1/4     	1/4             	1     	    	7  	61  	724
57	57	1/4     	1/4     	4/4    	1    	1    	1/4     	1/4             	1     	    	3  	69  	719
57	57	1/2     	1/2     	4/4    	5    	1    	1/2     	1/2             	1     	    	2  	50  	729
57	57	1/2     	1/2     	4/4    	4    	1    	1/2     	1/2             	1     	    	3  	57  	727
57	57	1/2     	1/2     	4/4    	3    	1    	1/2     	1/2             	1     	    	2  	62  	725
57	57	1/2     	1/2     	4/4    	2    	1    	1/2     	1/2             	1     	    	6  	66  	722
57	57	1/2     	1/2     	4/4    	1    	1    	1/2     	1/2             	1     	    	3  	69  	720
58	58	0       	0       	4/4    	5    	1    	1/2     	1/2             	1     	    	2  	50  	746
58	58	0       	0       	4/4    	4    	1    	1/2     	1/2             	1     	    	3  	57  	742
58	58	0       	0       	4/4    	3    	1    	1/2     	1/2             	1     	    	2  	62  	738
58	58	0       	0       	4/4    	2    	1    	1/2     	1/2             	1     	    	6  	66  	734
58	58	0       	0       	4/4    	1    	1    	1/2     	1/2             	1     	    	3  	69  	730
58	58	1/2     	1/2     	4/4    	5    	1    	1/4     	1/4             	1     	    	2  	50  	747
58	58	1/2     	1/2     	4/4    	4    	1    	1/4     	1/4             	1     	    	3  	57  	743
58	58	1/2     	1/2     	4/4    	3    	1    	1/4     	1/4             	1     	    	2  	62  	739
58	58	1/2     	1/2     	4/4    	2    	1    	1/4     	1/4             	1     	    	6  	66  	735
58	58	1/2     	1/2     	4/4    	1    	1    	1/4     	1/4             	1     	    	2  	74  	731
58	58	3/4     	3/4     	4/4    	5    	1    	1/8     	1/8             	1     	    	2  	50  	748
58	58	3/4     	3/4     	4/4    	4    	1    	1/8     	1/8             	1     	    	3  	57  	744
58	58	3/4     	3/4     	4/4    	3    	1    	1/8     	1/8             	1     	    	2  	62  	740
58	58	3/4     	3/4     	4/4    	2    	1    	1/8     	1/8             	1     	    	6  	66  	736
58	58	3/4     	3/4     	4/4    	1    	1    	1/8     	1/8             	1     	    	2  	74  	732
58	58	7/8     	7/8     	4/4    	5    	1    	1/8     	1/8             	1     	    	4  	52  	749
58	58	7/8     	7/8     	4/4    	4    	1    	1/8     	1/8             	1     	    	3  	57  	745
58	58	7/8     	7/8     	4/4    	3    	1    	1/8     	1/8             	1     	    	2  	62  	741
58	58	7/8     	7/8     	4/4    	2    	1    	1/8     	1/8             	1     	    	1  	67  	737
58	58	7/8     	7/8     	4/4    	1    	1    	1/8     	1/8             	1     	    	2  	74  	733
59	59	0       	0       	4/4    	5    	1    	1/4     	1/4             	1     	    	6  	54  	762
59	59	0       	0       	4/4    	4    	1    	1/4     	1/4             	1     	    	3  	57  	759
59	59	0       	0       	4/4    	3    	1    	1/4     	1/4             	1     	    	2  	62  	756
59	59	0       	0       	4/4    	2    	1    	1/4     	1/4             	1     	    	3  	69  	753
59	59	0       	0       	4/4    	1    	1    	1/4     	1/4             	1     	    	2  	74  	750
59	59	1/4     	1/4     	4/4    	5    	1    	1/4     	1/4             	1     	    	1  	55  	763
59	59	1/4     	1/4     	4/4    	3    	1    	1/4     	1/4             	1     	    	5  	59  	757
59	59	1/4     	1/4     	4/4    	4    	1    	1/4     	1/4             	1     	    	4  	64  	760
59	59	1/4     	1/4     	4/4    	2    	1    	1/4     	1/4             	1     	    	5  	71  	754
59	59	1/4     	1/4     	4/4    	1    	1    	1/4     	1/4             	1     	    	4  	76  	751
59	59	1/2     	1/2     	4/4    	4    	1    	1/2     	1/2             	1     	    	3  	57  	761
59	59	1/2     	1/2     	4/4    	5    	1    	1/2     	1/2             	1     	    	3  	57  	764
59	59	1/2     	1/2     	4/4    	3    	1    	1/2     	1/2             	1     	    	4  	64  	758
59	59	1/2     	1/2     	4/4    	2    	1    	1/2     	1/2             	1     	    	7  	73  	755
59	59	1/2     	1/2     	4/4    	1    	1    	1/2     	1/2             	1     	    	4  	76  	752
60	60	0       	0       	4/4    	5    	1    	1/2     	1/2             	1     	    	2  	50  	773
60	60	0       	0       	4/4    	4    	1    	1/4     	1/4             	1     	    	2  	62  	770
60	60	0       	0       	4/4    	3    	1    	1/2     	1/2             	1     	    	6  	66  	769
60	60	0       	0       	4/4    	1    	1    	1/2     	1/2             	1     	    	2  	74  	765
60	60	0       	0       	4/4    	2    	1    	1/2     	1/2             	1     	    	2  	74  	767
60	60	1/4     	1/4     	4/4    	4    	1    	1/4     	1/4             	1     	    	2  	62  	771
60	60	1/2     	1/2     	4/4    	4    	1    	1/2     	1/2             	1     	    	5  	59  	772
60	60	3/4     	3/4     	4/4    	5    	1    	1/4     	1/4             	1     	    	1  	55  	774
60	60	3/4     	3/4     	4/4    	2    	1    	1/4     	1/4             	1     	    	1  	67  	768
60	60	3/4     	3/4     	4/4    	1    	1    	1/4     	1/4             	1     	    	5  	71  	766
61	61	0       	0       	4/4    	5    	1    	1/2     	1/2             	1     	    	4  	52  	781
61	61	0       	0       	4/4    	4    	1    	1       	1               	1     	    	0  	60  	780
61	61	0       	0       	4/4    	2    	1    	1/2     	1/2             	1     	    	1  	67  	776
61	61	0       	0       	4/4    	1    	1    	1       	1               	1     	    	4  	76  	775
61	61	1/4     	1/4     	4/4    	3    	1    	1/4     	1/4             	1     	    	4  	64  	778
61	61	1/2     	1/2     	4/4    	5    	1    	1/2     	1/2             	1     	    	2  	50  	782
61	61	1/2     	1/2     	4/4    	3    	1    	1/2     	1/2             	1     	    	3  	57  	779
61	61	1/2     	1/2     	4/4    	2    	1    	1/2     	1/2             	1     	    	-1 	65  	777
62	62	0       	0       	4/4    	5    	1    	1       	1               	1     	    	4  	52  	792
62	62	0       	0       	4/4    	4    	1    	1/2     	1/2             	1     	    	5  	59  	790
62	62	0       	0       	4/4    	2    	1    	1       	1               	1     	    	4  	64  	786
62	62	0       	0       	4/4    	1    	1    	1/4     	1/4             	1     	    	8  	68  	783
62	62	1/4     	1/4     	4/4    	3    	1    	1/4     	1/4             	1     	    	4  	64  	787
62	62	1/4     	1/4     	4/4    	1    	1    	1/2     	1/2             	1     	    	3  	69  	784
62	62	1/2     	1/2     	4/4    	3    	1    	1/4     	1/4             	1     	    	5  	59  	788
62	62	1/2     	1/2     	4/4    	4    	1    	1/2     	1/2             	1     	    	5  	59  	791
62	62	3/4     	3/4     	4/4    	3    	1    	1/4     	1/4             	1     	    	5  	59  	789
62	62	3/4     	3/4     	4/4    	1    	1    	1/4     	1/4             	1     	    	8  	68  	785
63	63	0       	0       	4/4    	5    	1    	1       	1               	1     	    	3  	45  	805
63	63	0       	0       	4/4    	4    	1    	1/4     	1/4             	1     	    	3  	57  	800
63	63	0       	0       	4/4    	3    	1    	1/4     	1/4             	1     	    	7  	61  	795
63	63	0       	0       	4/4    	2    	1    	1/2     	1/2             	1     	    	4  	64  	794
63	63	0       	0       	4/4    	1    	1    	1       	1               	1     	    	3  	69  	793
63	63	1/4     	1/4     	4/4    	4    	1    	1/8     	1/8             	1     	    	3  	57  	801
63	63	1/4     	1/4     	4/4    	3    	1    	1/8     	1/8             	1     	    	7  	61  	796
63	63	3/8     	3/8     	4/4    	4    	1    	1/8     	1/8             	1     	    	5  	59  	802
63	63	3/8     	3/8     	4/4    	3    	1    	1/8     	1/8             	1     	    	2  	62  	797
63	63	1/2     	1/2     	4/4    	4    	1    	1/4     	1/4             	1     	    	7  	61  	803
63	63	1/2     	1/2     	4/4    	3    	1    	1/4     	1/4             	1     	    	4  	64  	798
63	63	3/4     	3/4     	4/4    	4    	1    	1/4     	1/4             	1     	    	2  	62  	804
63	63	3/4     	3/4     	4/4    	3    	1    	1/4     	1/4             	1     	    	-1 	65  	799
64	64	0       	0       	4/4    	5    	1    	1/2     	1/2             	1     	    	3  	45  	814
64	64	0       	0       	4/4    	4    	1    	1/2     	1/2             	1     	    	7  	61  	811
64	64	0       	0       	4/4    	3    	1    	1/2     	1/2             	1     	    	4  	64  	808
64	64	1/4     	1/4     	4/4    	2    	1    	1/4     	1/4             	1     	    	3  	69  	806
64	64	1/2     	1/2     	4/4    	3    	1    	1/4     	1/4             	1     	    	2  	62  	809
64	64	1/2     	1/2     	4/4    	4    	1    	1/4     	1/4             	1     	    	2  	62  	812
64	64	1/2     	1/2     	4/4    	2    	1    	1/2     	1/2             	1     	    	6  	66  	807
64	64	3/4     	3/4     	4/4    	3    	1    	1/4     	1/4             	1     	    	2  	62  	810
64	64	3/4     	3/4     	4/4    	4    	1    	1/4     	1/4             	1     	    	2  	62  	813
65	65	0       	0       	4/4    	4    	1    	1/2     	1/2             	1     	    	5  	59  	818
65	65	0       	0       	4/4    	3    	1    	1/2     	1/2             	1     	    	9  	63  	816
65	65	0       	0       	4/4    	2    	1    	1       	1               	1     	    	1  	67  	815
65	65	1/2     	1/2     	4/4    	4    	1    	1/2     	1/2             	1     	    	3  	57  	819
65	65	1/2     	1/2     	4/4    	3    	1    	1/2     	1/2             	1     	    	4  	64  	817
66	66	0       	0       	4/4    	4    	1    	1       	1               	1     	    	5  	59  	822
66	66	0       	0       	4/4    	3    	1    	1       	1               	1     	    	9  	63  	821
66	66	0       	0       	4/4    	2    	1    	1       	1               	1     	    	6  	66  	820
67	67	0       	0       	4/4    	4    	1    	1       	1               	1     	1   	4  	52  	833
67	67	0       	0       	4/4    	3    	1    	1/2     	1/2             	1     	    	4  	64  	829
67	67	0       	0       	4/4    	2    	1    	1       	1               	1     	    	4  	64  	828
67	67	0       	0       	4/4    	1    	1    	1/4     	1/4             	1     	    	8  	68  	823
67	67	1/4     	1/4     	4/4    	1    	1    	1/8     	1/8             	1     	    	8  	68  	824
67	67	3/8     	3/8     	4/4    	1    	1    	1/8     	1/8             	1     	    	3  	69  	825
67	67	1/2     	1/2     	4/4    	5    	1    	1/4     	1/4             	1     	    	4  	52  	834
67	67	1/2     	1/2     	4/4    	3    	1    	1/4     	1/4             	1     	    	8  	56  	830
67	67	1/2     	1/2     	4/4    	1    	1    	1/4     	1/4             	1     	    	5  	71  	826
67	67	3/4     	3/4     	4/4    	5    	1    	1/8     	1/8             	1     	    	4  	52  	835
67	67	3/4     	3/4     	4/4    	3    	1    	1/8     	1/8             	1     	    	8  	56  	831
67	67	3/4     	3/4     	4/4    	1    	1    	1/4     	1/4             	1     	    	0  	72  	827
67	67	7/8     	7/8     	4/4    	5    	1    	1/8     	1/8             	1     	    	6  	54  	836
67	67	7/8     	7/8     	4/4    	3    	1    	1/8     	1/8             	1     	    	3  	57  	832
68	68	0       	0       	4/4    	4    	1    	1/2     	1/2             	1     	-1  	4  	52  	842
68	68	0       	0       	4/4    	5    	1    	1/4     	1/4             	1     	    	8  	56  	844
68	68	0       	0       	4/4    	3    	1    	1/4     	1/4             	1     	    	5  	59  	839
68	68	0       	0       	4/4    	1    	1    	1/4     	1/4             	1     	    	5  	71  	837
68	68	1/4     	1/4     	4/4    	5    	1    	1/4     	1/4             	1     	    	3  	57  	845
68	68	1/4     	1/4     	4/4    	3    	1    	1/4     	1/4             	1     	    	0  	60  	840
68	68	1/4     	1/4     	4/4    	1    	1    	1/4     	1/4             	1     	    	4  	64  	838
68	68	1/2     	1/2     	4/4    	5    	1    	1/2     	1/2             	1     	    	8  	56  	846
68	68	1/2     	1/2     	4/4    	3    	1    	1/2     	1/2             	1     	    	5  	59  	841
68	68	3/4     	3/4     	4/4    	4    	1    	1/4     	1/4             	1     	    	4  	64  	843
69	69	0       	0       	4/4    	5    	1    	1/2     	1/2             	1     	    	3  	57  	852
69	69	0       	0       	4/4    	3    	1    	1       	1               	1     	    	3  	57  	850
69	69	0       	0       	4/4    	4    	1    	1       	1               	1     	    	0  	60  	851
69	69	1/4     	1/4     	4/4    	1    	1    	1/4     	1/4             	1     	    	0  	72  	847
69	69	1/2     	1/2     	4/4    	1    	1    	1/2     	1/2             	1     	1   	3  	69  	848
69	69	3/4     	3/4     	4/4    	5    	1    	1/4     	1/4             	1     	    	0  	60  	853
69	69	3/4     	3/4     	4/4    	2    	1    	1/4     	1/4             	1     	    	3  	69  	849
70	70	0       	0       	4/4    	5    	1    	1/2     	1/2             	1     	    	3  	57  	859
70	70	0       	0       	4/4    	4    	1    	1/2     	1/2             	1     	    	0  	60  	857
70	70	0       	0       	4/4    	2    	1    	3/4     	1/2             	3/2   	    	-1 	65  	855
70	70	0       	0       	4/4    	1    	1    	1       	1               	1     	-1  	3  	69  	854
70	70	1/2     	1/2     	4/4    	5    	1    	1/2     	1/2             	1     	    	1  	55  	860
70	70	1/2     	1/2     	4/4    	4    	1    	1/2     	1/2             	1     	    	-2 	58  	858
70	70	3/4     	3/4     	4/4    	2    	1    	1/4     	1/4             	1     	    	4  	64  	856
71	71	0       	0       	4/4    	4    	1    	1       	1               	1     	    	3  	57  	865
71	71	0       	0       	4/4    	5    	1    	1       	1               	1     	    	3  	57  	866
71	71	0       	0       	4/4    	1    	1    	1/4     	1/4             	1     	    	7  	61  	861
71	71	0       	0       	4/4    	2    	1    	1       	1               	1     	    	4  	64  	864
71	71	1/4     	1/4     	4/4    	1    	1    	1/2     	1/2             	1     	    	2  	62  	862
71	71	3/4     	3/4     	4/4    	1    	1    	1/4     	1/4             	1     	    	7  	61  	863
72	72	0       	0       	4/4    	4    	1    	3/4     	1/2             	3/2   	    	2  	50  	873
72	72	0       	0       	4/4    	5    	1    	1/2     	1/2             	1     	    	3  	57  	875
72	72	0       	0       	4/4    	1    	1    	1/2     	1/2             	1     	    	2  	62  	867
72	72	0       	0       	4/4    	2    	1    	1/2     	1/2             	1     	    	2  	62  	869
72	72	1/4     	1/4     	4/4    	3    	1    	1/4     	1/4             	1     	    	-1 	65  	871
72	72	1/2     	1/2     	4/4    	3    	1    	1/2     	1/2             	1     	1   	2  	62  	872
72	72	3/4     	3/4     	4/4    	5    	1    	1/4     	1/4             	1     	    	-1 	53  	876
72	72	3/4     	3/4     	4/4    	4    	1    	1/4     	1/4             	1     	    	2  	62  	874
72	72	3/4     	3/4     	4/4    	2    	1    	1/4     	1/4             	1     	    	-1 	65  	870
72	72	3/4     	3/4     	4/4    	1    	1    	1/4     	1/4             	1     	    	3  	69  	868
73	73	0       	0       	4/4    	5    	1    	1/2     	1/2             	1     	    	2  	50  	883
73	73	0       	0       	4/4    	4    	1    	3/4     	1/2             	3/2   	    	-2 	58  	881
73	73	0       	0       	4/4    	3    	1    	1/2     	1/2             	1     	-1  	2  	62  	880
73	73	0       	0       	4/4    	2    	1    	1/2     	1/2             	1     	    	-1 	65  	878
73	73	0       	0       	4/4    	1    	1    	1       	1               	1     	    	2  	74  	877
73	73	1/2     	1/2     	4/4    	5    	1    	1/2     	1/2             	1     	    	7  	49  	884
73	73	1/2     	1/2     	4/4    	2    	1    	1/2     	1/2             	1     	    	4  	64  	879
73	73	3/4     	3/4     	4/4    	4    	1    	1/4     	1/4             	1     	    	3  	57  	882
74	74	0       	0       	4/4    	5    	1    	1       	1               	1     	    	2  	50  	892
74	74	0       	0       	4/4    	4    	1    	1       	1               	1     	    	3  	57  	891
74	74	0       	0       	4/4    	2    	1    	1       	1               	1     	    	2  	62  	888
74	74	0       	0       	4/4    	1    	1    	1/4     	1/4             	1     	    	6  	66  	885
74	74	1/4     	1/4     	4/4    	3    	1    	1/4     	1/4             	1     	    	2  	62  	889
74	74	1/4     	1/4     	4/4    	1    	1    	1/2     	1/2             	1     	    	1  	67  	886
74	74	1/2     	1/2     	4/4    	3    	1    	1/2     	1/2             	1     	    	3  	57  	890
74	74	3/4     	3/4     	4/4    	1    	1    	1/4     	1/4             	1     	    	6  	66  	887
75	75	0       	0       	4/4    	5    	1    	1       	1               	1     	    	1  	43  	897
75	75	0       	0       	4/4    	4    	1    	1       	1               	1     	    	1  	55  	896
75	75	0       	0       	4/4    	3    	1    	1       	1               	1     	    	5  	59  	895
75	75	0       	0       	4/4    	2    	1    	1       	1               	1     	    	2  	62  	894
75	75	0       	0       	4/4    	1    	1    	1       	1               	1     	    	1  	67  	893
