mc	mn	mc_onset	mn_onset	timesig	staff	voice	label    	alt_label	globalkey	localkey	pedal	chord  	numeral	form	figbass	changes	relativeroot	cadence	phraseend	chord_type	globalkey_is_minor	localkey_is_minor	chord_tones  	added_tones	root	bass_note
1 	1 	0       	0       	4/4    	5    	1    	g.i      	         	g        	i       	     	i      	i      	    	       	       	            	       	         	m         	1                 	1                	0, -3, 1     	           	0   	0
1 	1 	1/4     	1/4     	4/4    	5    	1    	VII(+2)  	         	g        	i       	     	VII(+2)	VII    	    	       	+2     	            	       	         	M         	1                 	1                	-2, 2, -1    	0          	-2  	-2
1 	1 	1/2     	1/2     	4/4    	5    	1    	VI       	         	g        	i       	     	VI     	VI     	    	       	       	            	       	         	M         	1                 	1                	-4, 0, -3    	           	-4  	-4
1 	1 	3/4     	3/4     	4/4    	5    	1    	iio6     	         	g        	i       	     	iio6   	ii     	o   	6      	       	            	       	         	o         	1                 	1                	-1, -4, 2    	           	2   	-1
2 	2 	1/4     	1/4     	4/4    	5    	1    	iv7      	         	g        	i       	     	iv7    	iv     	    	7      	       	            	       	         	mm7       	1                 	1                	-1, -4, 0, -3	           	-1  	-1
2 	2 	1/2     	1/2     	4/4    	5    	1    	V\\      	         	g        	i       	     	V      	V      	    	       	       	            	       	\\       	M         	1                 	1                	1, 5, 2      	           	1   	1
3 	3 	1/2     	1/2     	4/4    	5    	1    	v.i      	         	g        	v       	     	i      	i      	    	       	       	            	       	         	m         	1                 	1                	0, -3, 1     	           	0   	0
3 	3 	3/4     	3/4     	4/4    	5    	1    	VII      	         	g        	v       	     	VII    	VII    	    	       	       	            	       	         	M         	1                 	1                	-2, 2, -1    	           	-2  	-2
4 	4 	0       	0       	4/4    	5    	1    	VI       	         	g        	v       	     	VI     	VI     	    	       	       	            	       	         	M         	1                 	1                	-4, 0, -3    	           	-4  	-4
4 	4 	1/4     	1/4     	4/4    	5    	1    	ii6      	         	g        	v       	     	ii6    	ii     	    	6      	       	            	       	         	m         	1                 	1                	-1, 3, 2     	           	2   	-1
4 	4 	3/4     	3/4     	4/4    	5    	1    	iv7      	         	g        	v       	     	iv7    	iv     	    	7      	       	            	       	         	mm7       	1                 	1                	-1, -4, 0, -3	           	-1  	-1
5 	5 	0       	0       	4/4    	5    	1    	V\\      	         	g        	v       	     	V      	V      	    	       	       	            	       	\\       	M         	1                 	1                	1, 5, 2      	           	1   	1
6 	6 	1/8     	1/8     	4/4    	5    	1    	VII.I[I  	         	g        	VII     	I    	I      	I      	    	       	       	            	       	         	M         	1                 	0                	0, 4, 1      	           	0   	0
6 	6 	3/8     	3/8     	4/4    	5    	1    	V]       	         	g        	VII     	I    	V      	V      	    	       	       	            	       	         	M         	1                 	0                	1, 5, 2      	           	1   	1
6 	6 	1/2     	1/2     	4/4    	5    	1    	IV       	         	g        	VII     	     	IV     	IV     	    	       	       	            	       	         	M         	1                 	0                	-1, 3, 0     	           	-1  	-1
7 	7 	1/8     	1/8     	4/4    	5    	1    	V7       	         	g        	VII     	     	V7     	V      	    	7      	       	            	       	         	Mm7       	1                 	0                	1, 5, 2, -1  	           	1   	1
7 	7 	1/4     	1/4     	4/4    	5    	1    	vi       	         	g        	VII     	     	vi     	vi     	    	       	       	            	       	         	m         	1                 	0                	3, 0, 4      	           	3   	3
7 	7 	3/4     	3/4     	4/4    	5    	1    	viio6/V  	         	g        	VII     	     	viio6/V	vii    	o   	6      	       	V           	       	         	o         	1                 	0                	3, 0, 6      	           	6   	3
8 	8 	0       	0       	4/4    	5    	1    	V(4)     	         	g        	VII     	     	V(4)   	V      	    	       	4      	            	       	         	M         	1                 	0                	1, 0, 2      	           	1   	1
8 	8 	1/4     	1/4     	4/4    	5    	1    	V        	         	g        	VII     	     	V      	V      	    	       	       	            	       	         	M         	1                 	0                	1, 5, 2      	           	1   	1
8 	8 	1/2     	1/2     	4/4    	5    	1    	I\\      	         	g        	VII     	     	I      	I      	    	       	       	            	       	\\       	M         	1                 	0                	0, 4, 1      	           	0   	0
8 	8 	3/4     	3/4     	4/4    	5    	1    	I        	         	g        	VII     	     	I      	I      	    	       	       	            	       	         	M         	1                 	0                	0, 4, 1      	           	0   	0
9 	9 	1/4     	1/4     	4/4    	5    	1    	vi6      	         	g        	VII     	     	vi6    	vi     	    	6      	       	            	       	         	m         	1                 	0                	0, 4, 3      	           	3   	0
9 	9 	5/8     	5/8     	4/4    	5    	1    	V6       	         	g        	VII     	     	V6     	V      	    	6      	       	            	       	         	M         	1                 	0                	5, 2, 1      	           	1   	5
9 	9 	3/4     	3/4     	4/4    	5    	1    	vi       	         	g        	VII     	     	vi     	vi     	    	       	       	            	       	         	m         	1                 	0                	3, 0, 4      	           	3   	3
10	10	0       	0       	4/4    	5    	1    	iii6     	         	g        	VII     	     	iii6   	iii    	    	6      	       	            	       	         	m         	1                 	0                	1, 5, 4      	           	4   	1
10	10	1/4     	1/4     	4/4    	5    	1    	IV       	         	g        	VII     	     	IV     	IV     	    	       	       	            	       	         	M         	1                 	0                	-1, 3, 0     	           	-1  	-1
10	10	1/2     	1/2     	4/4    	5    	1    	vi64     	         	g        	VII     	     	vi64   	vi     	    	64     	       	            	       	         	m         	1                 	0                	4, 3, 0      	           	3   	4
10	10	3/4     	3/4     	4/4    	5    	1    	ii       	         	g        	VII     	     	ii     	ii     	    	       	       	            	       	         	m         	1                 	0                	2, -1, 3     	           	2   	2
11	11	0       	0       	4/4    	5    	1    	vi6      	         	g        	VII     	     	vi6    	vi     	    	6      	       	            	       	         	m         	1                 	0                	0, 4, 3      	           	3   	0
11	11	1/4     	1/4     	4/4    	5    	1    	IV.I6(+2)	         	g        	IV      	     	I6(+2) 	I      	    	6      	+2     	            	       	         	M         	1                 	0                	4, 1, 0      	2          	0   	4
11	11	1/2     	1/2     	4/4    	5    	1    	V(4)     	         	g        	IV      	     	V(4)   	V      	    	       	4      	            	       	         	M         	1                 	0                	1, 0, 2      	           	1   	1
11	11	3/4     	3/4     	4/4    	5    	1    	V        	         	g        	IV      	     	V      	V      	    	       	       	            	       	         	M         	1                 	0                	1, 5, 2      	           	1   	1
12	12	0       	0       	4/4    	5    	1    	I\\      	         	g        	IV      	     	I      	I      	    	       	       	            	       	\\       	M         	1                 	0                	0, 4, 1      	           	0   	0
13	13	0       	0       	4/4    	5    	1    	V        	         	g        	IV      	     	V      	V      	    	       	       	            	       	         	M         	1                 	0                	1, 5, 2      	           	1   	1
15	15	0       	0       	4/4    	5    	1    	III.vi   	         	g        	III     	     	vi     	vi     	    	       	       	            	       	         	m         	1                 	0                	3, 0, 4      	           	3   	3
19	19	0       	0       	4/4    	5    	1    	IVM7     	         	g        	III     	     	IVM7   	IV     	M   	7      	       	            	       	         	MM7       	1                 	0                	-1, 3, 0, 4  	           	-1  	-1
19	19	1/4     	1/4     	4/4    	5    	1    	ii6      	         	g        	III     	     	ii6    	ii     	    	6      	       	            	       	         	m         	1                 	0                	-1, 3, 2     	           	2   	-1
20	20	0       	0       	4/4    	5    	1    	iii      	         	g        	III     	     	iii    	iii    	    	       	       	            	       	         	m         	1                 	0                	4, 1, 5      	           	4   	4
21	21	0       	0       	4/4    	5    	1    	I        	         	g        	III     	     	I      	I      	    	       	       	            	       	         	M         	1                 	0                	0, 4, 1      	           	0   	0
22	22	0       	0       	4/4    	5    	1    	V(4)     	         	g        	III     	     	V(4)   	V      	    	       	4      	            	       	         	M         	1                 	0                	1, 0, 2      	           	1   	1
22	22	1/4     	1/4     	4/4    	5    	1    	V        	         	g        	III     	     	V      	V      	    	       	       	            	       	         	M         	1                 	0                	1, 5, 2      	           	1   	1
23	23	0       	0       	4/4    	5    	1    	I\\      	         	g        	III     	     	I      	I      	    	       	       	            	       	\\       	M         	1                 	0                	0, 4, 1      	           	0   	0
23	23	3/4     	3/4     	4/4    	5    	1    	iv.IV    	         	g        	iv      	     	IV     	IV     	    	       	       	            	       	         	M         	1                 	1                	-1, 3, 0     	           	-1  	-1
24	24	1/4     	1/4     	4/4    	5    	1    	VII6     	         	g        	iv      	     	VII6   	VII    	    	6      	       	            	       	         	M         	1                 	1                	2, -1, -2    	           	-2  	2
24	24	1/2     	1/2     	4/4    	5    	1    	i        	         	g        	iv      	     	i      	i      	    	       	       	            	       	         	m         	1                 	1                	0, -3, 1     	           	0   	0
25	25	1/2     	1/2     	4/4    	5    	1    	V(4)     	         	g        	iv      	     	V(4)   	V      	    	       	4      	            	       	         	M         	1                 	1                	1, 0, 2      	           	1   	1
25	25	3/4     	3/4     	4/4    	5    	1    	V        	         	g        	iv      	     	V      	V      	    	       	       	            	       	         	M         	1                 	1                	1, 5, 2      	           	1   	1
26	26	0       	0       	4/4    	5    	1    	I\\      	         	g        	iv      	     	I      	I      	    	       	       	            	       	\\       	M         	1                 	1                	0, 4, 1      	           	0   	0
26	26	3/4     	3/4     	4/4    	5    	1    	VII.V    	         	g        	VII     	     	V      	V      	    	       	       	            	       	         	M         	1                 	0                	1, 5, 2      	           	1   	1
27	27	1/4     	1/4     	4/4    	5    	1    	I6(2)    	         	g        	VII     	     	I6(2)  	I      	    	6      	2      	            	       	         	M         	1                 	0                	4, 1, 2      	           	0   	4
27	27	1/2     	1/2     	4/4    	5    	1    	I6       	         	g        	VII     	     	I6     	I      	    	6      	       	            	       	         	M         	1                 	0                	4, 1, 0      	           	0   	4
28	28	0       	0       	4/4    	5    	1    	V        	         	g        	VII     	     	V      	V      	    	       	       	            	       	         	M         	1                 	0                	1, 5, 2      	           	1   	1
28	28	3/4     	3/4     	4/4    	5    	1    	I\\      	         	g        	VII     	     	I      	I      	    	       	       	            	       	\\       	M         	1                 	0                	0, 4, 1      	           	0   	0
29	29	1/4     	1/4     	4/4    	5    	1    	i.V      	         	g        	i       	     	V      	V      	    	       	       	            	       	         	M         	1                 	1                	1, 5, 2      	           	1   	1
29	29	3/4     	3/4     	4/4    	5    	1    	I6(2)    	         	g        	i       	     	I6(2)  	I      	    	6      	2      	            	       	         	M         	1                 	1                	4, 1, 2      	           	0   	4
30	30	0       	0       	4/4    	5    	1    	I6       	         	g        	i       	     	I6     	I      	    	6      	       	            	       	         	M         	1                 	1                	4, 1, 0      	           	0   	4
30	30	1/2     	1/2     	4/4    	5    	1    	V        	         	g        	i       	     	V      	V      	    	       	       	            	       	         	M         	1                 	1                	1, 5, 2      	           	1   	1
31	31	1/4     	1/4     	4/4    	5    	1    	I\\      	         	g        	i       	     	I      	I      	    	       	       	            	       	\\       	M         	1                 	1                	0, 4, 1      	           	0   	0
31	31	3/4     	3/4     	4/4    	5    	1    	i        	         	g        	i       	     	i      	i      	    	       	       	            	       	         	m         	1                 	1                	0, -3, 1     	           	0   	0
32	32	0       	0       	4/4    	5    	1    	v6       	         	g        	i       	     	v6     	v      	    	6      	       	            	       	         	m         	1                 	1                	-2, 2, 1     	           	1   	-2
32	32	1/4     	1/4     	4/4    	5    	1    	iv6      	         	g        	i       	     	iv6    	iv     	    	6      	       	            	       	         	m         	1                 	1                	-4, 0, -1    	           	-1  	-4
32	32	1/2     	1/2     	4/4    	5    	1    	v\\      	         	g        	i       	     	v      	v      	    	       	       	            	       	\\       	m         	1                 	1                	1, -2, 2     	           	1   	1
33	33	1/4     	1/4     	4/4    	5    	1    	IV.V     	         	g        	IV      	     	V      	V      	    	       	       	            	       	         	M         	1                 	0                	1, 5, 2      	           	1   	1
33	33	3/4     	3/4     	4/4    	5    	1    	I6(2)    	         	g        	IV      	     	I6(2)  	I      	    	6      	2      	            	       	         	M         	1                 	0                	4, 1, 2      	           	0   	4
34	34	0       	0       	4/4    	5    	1    	I6       	         	g        	IV      	     	I6     	I      	    	6      	       	            	       	         	M         	1                 	0                	4, 1, 0      	           	0   	4
34	34	1/2     	1/2     	4/4    	5    	1    	V        	         	g        	IV      	     	V      	V      	    	       	       	            	       	         	M         	1                 	0                	1, 5, 2      	           	1   	1
35	35	1/4     	1/4     	4/4    	5    	1    	I\\      	         	g        	IV      	     	I      	I      	    	       	       	            	       	\\       	M         	1                 	0                	0, 4, 1      	           	0   	0
35	35	3/4     	3/4     	4/4    	5    	1    	V.V      	         	g        	V       	     	V      	V      	    	       	       	            	       	         	M         	1                 	0                	1, 5, 2      	           	1   	1
36	36	1/4     	1/4     	4/4    	5    	1    	I6(2)    	         	g        	V       	     	I6(2)  	I      	    	6      	2      	            	       	         	M         	1                 	0                	4, 1, 2      	           	0   	4
36	36	1/2     	1/2     	4/4    	5    	1    	I6       	         	g        	V       	     	I6     	I      	    	6      	       	            	       	         	M         	1                 	0                	4, 1, 0      	           	0   	4
37	37	0       	0       	4/4    	5    	1    	V        	         	g        	V       	     	V      	V      	    	       	       	            	       	         	M         	1                 	0                	1, 5, 2      	           	1   	1
37	37	3/4     	3/4     	4/4    	5    	1    	I\\      	         	g        	V       	     	I      	I      	    	       	       	            	       	\\       	M         	1                 	0                	0, 4, 1      	           	0   	0
38	38	1/4     	1/4     	4/4    	5    	1    	i.i      	         	g        	i       	     	i      	i      	    	       	       	            	       	         	m         	1                 	1                	0, -3, 1     	           	0   	0
38	38	1/2     	1/2     	4/4    	5    	1    	v6       	         	g        	i       	     	v6     	v      	    	6      	       	            	       	         	m         	1                 	1                	-2, 2, 1     	           	1   	-2
38	38	3/4     	3/4     	4/4    	5    	1    	iv6      	         	g        	i       	     	iv6    	iv     	    	6      	       	            	       	         	m         	1                 	1                	-4, 0, -1    	           	-1  	-4
39	39	0       	0       	4/4    	5    	1    	V\\      	         	g        	i       	     	V      	V      	    	       	       	            	       	\\       	M         	1                 	1                	1, 5, 2      	           	1   	1
39	39	1/2     	1/2     	4/4    	5    	1    	III.V    	         	g        	III     	     	V      	V      	    	       	       	            	       	         	M         	1                 	0                	1, 5, 2      	           	1   	1
40	40	0       	0       	4/4    	5    	1    	I        	         	g        	III     	     	I      	I      	    	       	       	            	       	         	M         	1                 	0                	0, 4, 1      	           	0   	0
41	41	0       	0       	4/4    	5    	1    	IV       	         	g        	III     	     	IV     	IV     	    	       	       	            	       	         	M         	1                 	0                	-1, 3, 0     	           	-1  	-1
42	42	1/4     	1/4     	4/4    	5    	1    	I6       	         	g        	III     	     	I6     	I      	    	6      	       	            	       	         	M         	1                 	0                	4, 1, 0      	           	0   	4
42	42	1/2     	1/2     	4/4    	5    	1    	VII.V6   	         	g        	VII     	     	V6     	V      	    	6      	       	            	       	         	M         	1                 	0                	5, 2, 1      	           	1   	5
43	43	0       	0       	4/4    	5    	1    	I\\      	         	g        	VII     	     	I      	I      	    	       	       	            	       	\\       	M         	1                 	0                	0, 4, 1      	           	0   	0
43	43	3/4     	3/4     	4/4    	5    	1    	I        	         	g        	VII     	     	I      	I      	    	       	       	            	       	         	M         	1                 	0                	0, 4, 1      	           	0   	0
44	44	1/4     	1/4     	4/4    	5    	1    	IV       	         	g        	VII     	     	IV     	IV     	    	       	       	            	       	         	M         	1                 	0                	-1, 3, 0     	           	-1  	-1
44	44	5/8     	5/8     	4/4    	5    	1    	V7       	         	g        	VII     	     	V7     	V      	    	7      	       	            	       	         	Mm7       	1                 	0                	1, 5, 2, -1  	           	1   	1
44	44	3/4     	3/4     	4/4    	5    	1    	vi       	         	g        	VII     	     	vi     	vi     	    	       	       	            	       	         	m         	1                 	0                	3, 0, 4      	           	3   	3
45	45	0       	0       	4/4    	5    	1    	V        	         	g        	VII     	     	V      	V      	    	       	       	            	       	         	M         	1                 	0                	1, 5, 2      	           	1   	1
45	45	3/4     	3/4     	4/4    	5    	1    	IV.ii    	         	g        	IV      	     	ii     	ii     	    	       	       	            	       	         	m         	1                 	0                	2, -1, 3     	           	2   	2
46	46	0       	0       	4/4    	5    	1    	I6       	         	g        	IV      	     	I6     	I      	    	6      	       	            	       	         	M         	1                 	0                	4, 1, 0      	           	0   	4
46	46	1/4     	1/4     	4/4    	5    	1    	ii6(2)   	         	g        	IV      	     	ii6(2) 	ii     	    	6      	2      	            	       	         	m         	1                 	0                	-1, 3, 4     	           	2   	-1
46	46	3/8     	3/8     	4/4    	5    	1    	ii6      	         	g        	IV      	     	ii6    	ii     	    	6      	       	            	       	         	m         	1                 	0                	-1, 3, 2     	           	2   	-1
46	46	1/2     	1/2     	4/4    	5    	1    	V        	         	g        	IV      	     	V      	V      	    	       	       	            	       	         	M         	1                 	0                	1, 5, 2      	           	1   	1
47	47	0       	0       	4/4    	5    	1    	I        	         	g        	IV      	     	I      	I      	    	       	       	            	       	         	M         	1                 	0                	0, 4, 1      	           	0   	0
47	47	1/2     	1/2     	4/4    	5    	1    	v.VI     	         	g        	v       	     	VI     	VI     	    	       	       	            	       	         	M         	1                 	1                	-4, 0, -3    	           	-4  	-4
47	47	3/4     	3/4     	4/4    	5    	1    	iv       	         	g        	v       	     	iv     	iv     	    	       	       	            	       	         	m         	1                 	1                	-1, -4, 0    	           	-1  	-1
48	48	0       	0       	4/4    	5    	1    	V        	         	g        	v       	     	V      	V      	    	       	       	            	       	         	M         	1                 	1                	1, 5, 2      	           	1   	1
48	48	1/2     	1/2     	4/4    	5    	1    	i\\      	         	g        	v       	     	i      	i      	    	       	       	            	       	\\       	m         	1                 	1                	0, -3, 1     	           	0   	0
49	49	1/4     	1/4     	4/4    	5    	1    	III.I    	         	g        	III     	     	I      	I      	    	       	       	            	       	         	M         	1                 	0                	0, 4, 1      	           	0   	0
49	49	3/4     	3/4     	4/4    	5    	1    	IV       	         	g        	III     	     	IV     	IV     	    	       	       	            	       	         	M         	1                 	0                	-1, 3, 0     	           	-1  	-1
50	50	1/8     	1/8     	4/4    	5    	1    	V        	         	g        	III     	     	V      	V      	    	       	       	            	       	         	M         	1                 	0                	1, 5, 2      	           	1   	1
50	50	1/4     	1/4     	4/4    	5    	1    	vi       	IV6      	g        	III     	     	vi     	vi     	    	       	       	            	       	         	m         	1                 	0                	3, 0, 4      	           	3   	3
50	50	1/2     	1/2     	4/4    	5    	1    	V        	         	g        	III     	     	V      	V      	    	       	       	            	       	         	M         	1                 	0                	1, 5, 2      	           	1   	1
51	51	1/4     	1/4     	4/4    	5    	1    	VII.ii   	         	g        	VII     	     	ii     	ii     	    	       	       	            	       	         	m         	1                 	0                	2, -1, 3     	           	2   	2
51	51	1/2     	1/2     	4/4    	5    	1    	I6       	         	g        	VII     	     	I6     	I      	    	6      	       	            	       	         	M         	1                 	0                	4, 1, 0      	           	0   	4
51	51	3/4     	3/4     	4/4    	5    	1    	ii6      	         	g        	VII     	     	ii6    	ii     	    	6      	       	            	       	         	m         	1                 	0                	-1, 3, 2     	           	2   	-1
52	52	0       	0       	4/4    	5    	1    	V        	         	g        	VII     	     	V      	V      	    	       	       	            	       	         	M         	1                 	0                	1, 5, 2      	           	1   	1
52	52	1/2     	1/2     	4/4    	5    	1    	I        	         	g        	VII     	     	I      	I      	    	       	       	            	       	         	M         	1                 	0                	0, 4, 1      	           	0   	0
53	53	0       	0       	4/4    	5    	1    	i.VI     	         	g        	i       	     	VI     	VI     	    	       	       	            	       	         	M         	1                 	1                	-4, 0, -3    	           	-4  	-4
53	53	1/4     	1/4     	4/4    	5    	1    	iv       	         	g        	i       	     	iv     	iv     	    	       	       	            	       	         	m         	1                 	1                	-1, -4, 0    	           	-1  	-1
53	53	1/2     	1/2     	4/4    	5    	1    	V        	         	g        	i       	     	V      	V      	    	       	       	            	       	         	M         	1                 	1                	1, 5, 2      	           	1   	1
54	54	0       	0       	4/4    	5    	1    	i\\      	         	g        	i       	     	i      	i      	    	       	       	            	       	\\       	m         	1                 	1                	0, -3, 1     	           	0   	0
54	54	1/2     	1/2     	4/4    	5    	1    	iv.VII   	         	g        	iv      	     	VII    	VII    	    	       	       	            	       	         	M         	1                 	1                	-2, 2, -1    	           	-2  	-2
54	54	3/4     	3/4     	4/4    	5    	1    	v6       	         	g        	iv      	     	v6     	v      	    	6      	       	            	       	         	m         	1                 	1                	-2, 2, 1     	           	1   	-2
55	55	0       	0       	4/4    	5    	1    	I        	         	g        	iv      	     	I      	I      	    	       	       	            	       	         	M         	1                 	1                	0, 4, 1      	           	0   	0
55	55	1/4     	1/4     	4/4    	5    	1    	I6       	         	g        	iv      	     	I6     	I      	    	6      	       	            	       	         	M         	1                 	1                	4, 1, 0      	           	0   	4
55	55	1/2     	1/2     	4/4    	5    	1    	V\\      	         	g        	iv      	     	V      	V      	    	       	       	            	       	\\       	M         	1                 	1                	1, 5, 2      	           	1   	1
56	56	0       	0       	4/4    	5    	1    	V        	         	g        	iv      	     	V      	V      	    	       	       	            	       	         	M         	1                 	1                	1, 5, 2      	           	1   	1
56	56	1/4     	1/4     	4/4    	5    	1    	v.v6     	         	g        	v       	     	v6     	v      	    	6      	       	            	       	         	m         	1                 	1                	-2, 2, 1     	           	1   	-2
56	56	1/2     	1/2     	4/4    	5    	1    	i        	         	g        	v       	     	i      	i      	    	       	       	            	       	         	m         	1                 	1                	0, -3, 1     	           	0   	0
56	56	3/4     	3/4     	4/4    	5    	1    	I6       	         	g        	v       	     	I6     	I      	    	6      	       	            	       	         	M         	1                 	1                	4, 1, 0      	           	0   	4
57	57	0       	0       	4/4    	5    	1    	V\\      	         	g        	v       	     	V      	V      	    	       	       	            	       	\\       	M         	1                 	1                	1, 5, 2      	           	1   	1
57	57	1/2     	1/2     	4/4    	5    	1    	VII.vi   	         	g        	VII     	     	vi     	vi     	    	       	       	            	       	         	m         	1                 	0                	3, 0, 4      	           	3   	3
58	58	1/4     	1/4     	4/4    	5    	1    	IV6      	         	g        	VII     	     	IV6    	IV     	    	6      	       	            	       	         	M         	1                 	0                	3, 0, -1     	           	-1  	3
58	58	3/8     	3/8     	4/4    	5    	1    	V        	         	g        	VII     	     	V      	V      	    	       	       	            	       	         	M         	1                 	0                	1, 5, 2      	           	1   	1
58	58	1/2     	1/2     	4/4    	5    	1    	IV       	         	g        	VII     	     	IV     	IV     	    	       	       	            	       	         	M         	1                 	0                	-1, 3, 0     	           	-1  	-1
58	58	3/4     	3/4     	4/4    	5    	1    	I6       	         	g        	VII     	     	I6     	I      	    	6      	       	            	       	         	M         	1                 	0                	4, 1, 0      	           	0   	4
59	59	0       	0       	4/4    	5    	1    	V        	         	g        	VII     	     	V      	V      	    	       	       	            	       	         	M         	1                 	0                	1, 5, 2      	           	1   	1
59	59	1/2     	1/2     	4/4    	5    	1    	I\\      	         	g        	VII     	     	I      	I      	    	       	       	            	       	\\       	M         	1                 	0                	0, 4, 1      	           	0   	0
59	59	3/4     	3/4     	4/4    	5    	1    	I6       	         	g        	VII     	     	I6     	I      	    	6      	       	            	       	         	M         	1                 	0                	4, 1, 0      	           	0   	4
60	60	0       	0       	4/4    	5    	1    	IV.I     	         	g        	IV      	     	I      	I      	    	       	       	            	       	         	M         	1                 	0                	0, 4, 1      	           	0   	0
61	61	0       	0       	4/4    	5    	1    	I6       	         	g        	IV      	     	I6     	I      	    	6      	       	            	       	         	M         	1                 	0                	4, 1, 0      	           	0   	4
61	61	1/4     	1/4     	4/4    	5    	1    	ii65     	         	g        	IV      	     	ii65   	ii     	    	65     	       	            	       	         	mm7       	1                 	0                	-1, 3, 0, 2  	           	2   	-1
61	61	1/2     	1/2     	4/4    	5    	1    	V        	         	g        	IV      	     	V      	V      	    	       	       	            	       	         	M         	1                 	0                	1, 5, 2      	           	1   	1
62	62	0       	0       	4/4    	5    	1    	I\\      	         	g        	IV      	     	I      	I      	    	       	       	            	       	\\       	M         	1                 	0                	0, 4, 1      	           	0   	0
62	62	1/8     	1/8     	4/4    	5    	1    	I        	         	g        	IV      	     	I      	I      	    	       	       	            	       	         	M         	1                 	0                	0, 4, 1      	           	0   	0
62	62	1/2     	1/2     	4/4    	5    	1    	v.III6   	         	g        	v       	     	III6   	III    	    	6      	       	            	       	         	M         	1                 	1                	1, -2, -3    	           	-3  	1
62	62	3/4     	3/4     	4/4    	5    	1    	VIM7     	         	g        	v       	     	VIM7   	VI     	M   	7      	       	            	       	         	MM7       	1                 	1                	-4, 0, -3, 1 	           	-4  	-4
63	63	0       	0       	4/4    	5    	1    	i        	         	g        	v       	     	i      	i      	    	       	       	            	       	         	m         	1                 	1                	0, -3, 1     	           	0   	0
63	63	1/4     	1/4     	4/4    	5    	1    	iv       	         	g        	v       	     	iv     	iv     	    	       	       	            	       	         	m         	1                 	1                	-1, -4, 0    	           	-1  	-1
63	63	1/2     	1/2     	4/4    	5    	1    	V(4)     	         	g        	v       	     	V(4)   	V      	    	       	4      	            	       	         	M         	1                 	1                	1, 0, 2      	           	1   	1
63	63	3/4     	3/4     	4/4    	5    	1    	V        	         	g        	v       	     	V      	V      	    	       	       	            	       	         	M         	1                 	1                	1, 5, 2      	           	1   	1
64	64	0       	0       	4/4    	5    	1    	I\\      	         	g        	v       	     	I      	I      	    	       	       	            	       	\\       	M         	1                 	1                	0, 4, 1      	           	0   	0
65	65	0       	0       	4/4    	5    	1    	i        	         	g        	v       	     	i      	i      	    	       	       	            	       	         	m         	1                 	1                	0, -3, 1     	           	0   	0
66	66	1/2     	1/2     	4/4    	5    	1    	V6       	         	g        	v       	     	V6     	V      	    	6      	       	            	       	         	M         	1                 	1                	5, 2, 1      	           	1   	5
66	66	3/4     	3/4     	4/4    	5    	1    	I        	         	g        	v       	     	I      	I      	    	       	       	            	       	         	M         	1                 	1                	0, 4, 1      	           	0   	0
67	67	0       	0       	4/4    	5    	1    	iv       	         	g        	v       	     	iv     	iv     	    	       	       	            	       	         	m         	1                 	1                	-1, -4, 0    	           	-1  	-1
67	67	1/2     	1/2     	4/4    	5    	1    	I\\      	         	g        	v       	     	I      	I      	    	       	       	            	       	\\       	M         	1                 	1                	0, 4, 1      	           	0   	0
68	68	0       	0       	4/4    	5    	1    	i.i      	         	g        	i       	     	i      	i      	    	       	       	            	       	         	m         	1                 	1                	0, -3, 1     	           	0   	0
69	69	1/2     	1/2     	4/4    	5    	1    	V6       	         	g        	i       	     	V6     	V      	    	6      	       	            	       	         	M         	1                 	1                	5, 2, 1      	           	1   	5
69	69	3/4     	3/4     	4/4    	5    	1    	I        	         	g        	i       	     	I      	I      	    	       	       	            	       	         	M         	1                 	1                	0, 4, 1      	           	0   	0
70	70	0       	0       	4/4    	5    	1    	iv       	         	g        	i       	     	iv     	iv     	    	       	       	            	       	         	m         	1                 	1                	-1, -4, 0    	           	-1  	-1
70	70	1/2     	1/2     	4/4    	5    	1    	i\\      	         	g        	i       	     	i      	i      	    	       	       	            	       	\\       	m         	1                 	1                	0, -3, 1     	           	0   	0
70	70	3/4     	3/4     	4/4    	5    	1    	i        	         	g        	i       	     	i      	i      	    	       	       	            	       	         	m         	1                 	1                	0, -3, 1     	           	0   	0
71	71	0       	0       	4/4    	5    	1    	IV6      	         	g        	i       	     	IV6    	IV     	    	6      	       	            	       	         	M         	1                 	1                	3, 0, -1     	           	-1  	3
71	71	1/4     	1/4     	4/4    	5    	1    	VII      	         	g        	i       	     	VII    	VII    	    	       	       	            	       	         	M         	1                 	1                	-2, 2, -1    	           	-2  	-2
71	71	1/2     	1/2     	4/4    	5    	1    	III6     	         	g        	i       	     	III6   	III    	    	6      	       	            	       	         	M         	1                 	1                	1, -2, -3    	           	-3  	1
71	71	3/4     	3/4     	4/4    	5    	1    	VI       	         	g        	i       	     	VI     	VI     	    	       	       	            	       	         	M         	1                 	1                	-4, 0, -3    	           	-4  	-4
72	72	0       	0       	4/4    	5    	1    	ii6      	         	g        	i       	     	ii6    	ii     	    	6      	       	            	       	         	m         	1                 	1                	-1, 3, 2     	           	2   	-1
72	72	1/4     	1/4     	4/4    	5    	1    	v        	         	g        	i       	     	v      	v      	    	       	       	            	       	         	m         	1                 	1                	1, -2, 2     	           	1   	1
72	72	1/2     	1/2     	4/4    	5    	1    	i6       	         	g        	i       	     	i6     	i      	    	6      	       	            	       	         	m         	1                 	1                	-3, 1, 0     	           	0   	-3
72	72	3/4     	3/4     	4/4    	5    	1    	IV       	         	g        	i       	     	IV     	IV     	    	       	       	            	       	         	M         	1                 	1                	-1, 3, 0     	           	-1  	-1
73	73	0       	0       	4/4    	5    	1    	VIIM65   	         	g        	i       	     	VIIM65 	VII    	M   	65     	       	            	       	         	MM7       	1                 	1                	2, -1, 3, -2 	           	-2  	2
73	73	1/4     	1/4     	4/4    	5    	1    	III      	         	g        	i       	     	III    	III    	    	       	       	            	       	         	M         	1                 	1                	-3, 1, -2    	           	-3  	-3
73	73	1/2     	1/2     	4/4    	5    	1    	i        	         	g        	i       	     	i      	i      	    	       	       	            	       	         	m         	1                 	1                	0, -3, 1     	           	0   	0
74	74	0       	0       	4/4    	5    	1    	V(4)     	         	g        	i       	     	V(4)   	V      	    	       	4      	            	       	         	M         	1                 	1                	1, 0, 2      	           	1   	1
74	74	1/4     	1/4     	4/4    	5    	1    	V        	         	g        	i       	     	V      	V      	    	       	       	            	       	         	M         	1                 	1                	1, 5, 2      	           	1   	1
74	74	1/2     	1/2     	4/4    	5    	1    	i\\      	         	g        	i       	     	i      	i      	    	       	       	            	       	\\       	m         	1                 	1                	0, -3, 1     	           	0   	0
74	74	3/4     	3/4     	4/4    	5    	1    	i        	         	g        	i       	     	i      	i      	    	       	       	            	       	         	m         	1                 	1                	0, -3, 1     	           	0   	0
75	75	0       	0       	4/4    	5    	1    	v.i      	         	g        	v       	     	i      	i      	    	       	       	            	       	         	m         	1                 	1                	0, -3, 1     	           	0   	0
75	75	1/2     	1/2     	4/4    	5    	1    	VII      	         	g        	v       	     	VII    	VII    	    	       	       	            	       	         	M         	1                 	1                	-2, 2, -1    	           	-2  	-2
76	76	0       	0       	4/4    	5    	1    	VI       	         	g        	v       	     	VI     	VI     	    	       	       	            	       	         	M         	1                 	1                	-4, 0, -3    	           	-4  	-4
76	76	1/2     	1/2     	4/4    	5    	1    	v        	         	g        	v       	     	v      	v      	    	       	       	            	       	         	m         	1                 	1                	1, -2, 2     	           	1   	1
77	77	0       	0       	4/4    	5    	1    	iv       	         	g        	v       	     	iv     	iv     	    	       	       	            	       	         	m         	1                 	1                	-1, -4, 0    	           	-1  	-1
77	77	1/2     	1/2     	4/4    	5    	1    	III      	         	g        	v       	     	III    	III    	    	       	       	            	       	         	M         	1                 	1                	-3, 1, -2    	           	-3  	-3
78	78	0       	0       	4/4    	5    	1    	VI       	iv6      	g        	v       	     	VI     	VI     	    	       	       	            	       	         	M         	1                 	1                	-4, 0, -3    	           	-4  	-4
78	78	1/2     	1/2     	4/4    	5    	1    	V(4)     	         	g        	v       	     	V(4)   	V      	    	       	4      	            	       	         	M         	1                 	1                	1, 0, 2      	           	1   	1
78	78	3/4     	3/4     	4/4    	5    	1    	V        	         	g        	v       	     	V      	V      	    	       	       	            	       	         	M         	1                 	1                	1, 5, 2      	           	1   	1
79	79	0       	0       	4/4    	5    	1    	i\\      	         	g        	v       	     	i      	i      	    	       	       	            	       	\\       	m         	1                 	1                	0, -3, 1     	           	0   	0
80	80	0       	0       	4/4    	5    	1    	i.i      	         	g        	i       	     	i      	i      	    	       	       	            	       	         	m         	1                 	1                	0, -3, 1     	           	0   	0
81	81	1/2     	1/2     	4/4    	5    	1    	V6       	         	g        	i       	     	V6     	V      	    	6      	       	            	       	         	M         	1                 	1                	5, 2, 1      	           	1   	5
81	81	3/4     	3/4     	4/4    	5    	1    	I        	         	g        	i       	     	I      	I      	    	       	       	            	       	         	M         	1                 	1                	0, 4, 1      	           	0   	0
82	82	0       	0       	4/4    	5    	1    	iv       	         	g        	i       	     	iv     	iv     	    	       	       	            	       	         	m         	1                 	1                	-1, -4, 0    	           	-1  	-1
82	82	1/2     	1/2     	4/4    	5    	1    	I\\      	         	g        	i       	     	I      	I      	    	       	       	            	       	\\       	M         	1                 	1                	0, 4, 1      	           	0   	0
83	83	0       	0       	4/4    	5    	1    	v.i      	         	g        	v       	     	i      	i      	    	       	       	            	       	         	m         	1                 	1                	0, -3, 1     	           	0   	0
84	84	1/2     	1/2     	4/4    	5    	1    	V6       	         	g        	v       	     	V6     	V      	    	6      	       	            	       	         	M         	1                 	1                	5, 2, 1      	           	1   	5
84	84	3/4     	3/4     	4/4    	5    	1    	I        	         	g        	v       	     	I      	I      	    	       	       	            	       	         	M         	1                 	1                	0, 4, 1      	           	0   	0
85	85	0       	0       	4/4    	5    	1    	iv       	         	g        	v       	     	iv     	iv     	    	       	       	            	       	         	m         	1                 	1                	-1, -4, 0    	           	-1  	-1
85	85	1/2     	1/2     	4/4    	5    	1    	I\\      	         	g        	v       	     	I      	I      	    	       	       	            	       	\\       	M         	1                 	1                	0, 4, 1      	           	0   	0
85	85	3/4     	3/4     	4/4    	5    	1    	I        	         	g        	v       	     	I      	I      	    	       	       	            	       	         	M         	1                 	1                	0, 4, 1      	           	0   	0
86	86	0       	0       	4/4    	5    	1    	iv6      	         	g        	v       	     	iv6    	iv     	    	6      	       	            	       	         	m         	1                 	1                	-4, 0, -1    	           	-1  	-4
86	86	1/4     	1/4     	4/4    	5    	1    	VII      	         	g        	v       	     	VII    	VII    	    	       	       	            	       	         	M         	1                 	1                	-2, 2, -1    	           	-2  	-2
86	86	1/2     	1/2     	4/4    	5    	1    	III6     	         	g        	v       	     	III6   	III    	    	6      	       	            	       	         	M         	1                 	1                	1, -2, -3    	           	-3  	1
86	86	3/4     	3/4     	4/4    	5    	1    	VI       	         	g        	v       	     	VI     	VI     	    	       	       	            	       	         	M         	1                 	1                	-4, 0, -3    	           	-4  	-4
87	87	0       	0       	4/4    	5    	1    	iio6     	         	g        	v       	     	iio6   	ii     	o   	6      	       	            	       	         	o         	1                 	1                	-1, -4, 2    	           	2   	-1
87	87	1/4     	1/4     	4/4    	5    	1    	v        	         	g        	v       	     	v      	v      	    	       	       	            	       	         	m         	1                 	1                	1, -2, 2     	           	1   	1
87	87	1/2     	1/2     	4/4    	5    	1    	i6       	         	g        	v       	     	i6     	i      	    	6      	       	            	       	         	m         	1                 	1                	-3, 1, 0     	           	0   	-3
87	87	3/4     	3/4     	4/4    	5    	1    	iv       	         	g        	v       	     	iv     	iv     	    	       	       	            	       	         	m         	1                 	1                	-1, -4, 0    	           	-1  	-1
88	88	0       	0       	4/4    	5    	1    	VII6     	         	g        	v       	     	VII6   	VII    	    	6      	       	            	       	         	M         	1                 	1                	2, -1, -2    	           	-2  	2
88	88	1/4     	1/4     	4/4    	5    	1    	III      	         	g        	v       	     	III    	III    	    	       	       	            	       	         	M         	1                 	1                	-3, 1, -2    	           	-3  	-3
88	88	1/2     	1/2     	4/4    	5    	1    	i        	         	g        	v       	     	i      	i      	    	       	       	            	       	         	m         	1                 	1                	0, -3, 1     	           	0   	0
89	89	0       	0       	4/4    	5    	1    	V        	         	g        	v       	     	V      	V      	    	       	       	            	       	         	M         	1                 	1                	1, 5, 2      	           	1   	1
89	89	1/2     	1/2     	4/4    	5    	1    	I\\      	         	g        	v       	     	I      	I      	    	       	       	            	       	\\       	M         	1                 	1                	0, 4, 1      	           	0   	0
90	90	0       	0       	4/4    	5    	1    	i.i6     	III      	g        	i       	     	i6     	i      	    	6      	       	            	       	         	m         	1                 	1                	-3, 1, 0     	           	0   	-3
90	90	1/4     	1/4     	4/4    	5    	1    	i        	         	g        	i       	     	i      	i      	    	       	       	            	       	         	m         	1                 	1                	0, -3, 1     	           	0   	0
90	90	1/2     	1/2     	4/4    	5    	1    	V65/VII  	         	g        	i       	     	V65/VII	V      	    	65     	       	VII         	       	         	Mm7       	1                 	1                	3, 0, -3, -1 	           	-1  	3
90	90	3/4     	3/4     	4/4    	5    	1    	VII      	         	g        	i       	     	VII    	VII    	    	       	       	            	       	         	M         	1                 	1                	-2, 2, -1    	           	-2  	-2
91	91	0       	0       	4/4    	5    	1    	IIIM65   	         	g        	i       	     	IIIM65 	III    	M   	65     	       	            	       	         	MM7       	1                 	1                	1, -2, 2, -3 	           	-3  	1
91	91	1/4     	1/4     	4/4    	5    	1    	VI       	         	g        	i       	     	VI     	VI     	    	       	       	            	       	         	M         	1                 	1                	-4, 0, -3    	           	-4  	-4
91	91	1/2     	1/2     	4/4    	5    	1    	ii65     	         	g        	i       	     	ii65   	ii     	    	65     	       	            	       	         	mm7       	1                 	1                	-1, 3, 0, 2  	           	2   	-1
91	91	3/4     	3/4     	4/4    	5    	1    	v        	         	g        	i       	     	v      	v      	    	       	       	            	       	         	m         	1                 	1                	1, -2, 2     	           	1   	1
92	92	0       	0       	4/4    	5    	1    	i65      	         	g        	i       	     	i65    	i      	    	65     	       	            	       	         	mm7       	1                 	1                	-3, 1, -2, 0 	           	0   	-3
92	92	1/4     	1/4     	4/4    	5    	1    	iv       	         	g        	i       	     	iv     	iv     	    	       	       	            	       	         	m         	1                 	1                	-1, -4, 0    	           	-1  	-1
92	92	1/2     	1/2     	4/4    	5    	1    	V65/III  	         	g        	i       	     	V65/III	V      	    	65     	       	III         	       	         	Mm7       	1                 	1                	2, -1, -4, -2	           	-2  	2
92	92	3/4     	3/4     	4/4    	5    	1    	III      	         	g        	i       	     	III    	III    	    	       	       	            	       	         	M         	1                 	1                	-3, 1, -2    	           	-3  	-3
93	93	0       	0       	4/4    	5    	1    	i        	         	g        	i       	     	i      	i      	    	       	       	            	       	         	m         	1                 	1                	0, -3, 1     	           	0   	0
94	94	0       	0       	4/4    	5    	1    	V(4)     	         	g        	i       	     	V(4)   	V      	    	       	4      	            	       	         	M         	1                 	1                	1, 0, 2      	           	1   	1
94	94	1/4     	1/4     	4/4    	5    	1    	V        	         	g        	i       	     	V      	V      	    	       	       	            	       	         	M         	1                 	1                	1, 5, 2      	           	1   	1
95	95	0       	0       	4/4    	5    	1    	I\\      	         	g        	i       	     	I      	I      	    	       	       	            	       	\\       	M         	1                 	1                	0, 4, 1      	           	0   	0
