mc 	mn 	mc_onset	mn_onset	timesig	staff	voice	label    	alt_label	globalkey	localkey	pedal	chord    	numeral	form	figbass	changes	relativeroot	cadence	phraseend	chord_type	globalkey_is_minor	localkey_is_minor	chord_tones  	added_tones	root	bass_note
1  	1  	0       	0       	4/4    	5    	1    	g.i      	         	g        	i       	     	i        	i      	    	       	       	            	       	         	m         	1                 	1                	0, -3, 1     	           	0   	0
1  	1  	1/2     	1/2     	4/4    	5    	1    	v        	         	g        	i       	     	v        	v      	    	       	       	            	       	         	m         	1                 	1                	1, -2, 2     	           	1   	1
2  	2  	1/2     	1/2     	4/4    	5    	1    	#vio6    	         	g        	i       	     	#vio6    	#vi    	o   	6      	       	            	       	         	o         	1                 	1                	0, -3, 3     	           	3   	0
2  	2  	3/4     	3/4     	4/4    	5    	1    	ii       	         	g        	i       	     	ii       	ii     	    	       	       	            	       	         	m         	1                 	1                	2, -1, 3     	           	2   	2
3  	3  	0       	0       	4/4    	5    	1    	i6       	         	g        	i       	     	i6       	i      	    	6      	       	            	       	         	m         	1                 	1                	-3, 1, 0     	           	0   	-3
3  	3  	1/2     	1/2     	4/4    	5    	1    	#viio6(2)	         	g        	i       	     	#viio6(2)	#vii   	o   	6      	2      	            	       	         	o         	1                 	1                	2, -1, 0     	           	5   	2
3  	3  	3/4     	3/4     	4/4    	5    	1    	#viio6   	         	g        	i       	     	#viio6   	#vii   	o   	6      	       	            	       	         	o         	1                 	1                	2, -1, 5     	           	5   	2
4  	4  	0       	0       	4/4    	5    	1    	i        	         	g        	i       	     	i        	i      	    	       	       	            	       	         	m         	1                 	1                	0, -3, 1     	           	0   	0
4  	4  	1/2     	1/2     	4/4    	5    	1    	v.i      	         	g        	v       	     	i        	i      	    	       	       	            	       	         	m         	1                 	1                	0, -3, 1     	           	0   	0
4  	4  	3/4     	3/4     	4/4    	5    	1    	#viio6   	         	g        	v       	     	#viio6   	#vii   	o   	6      	       	            	       	         	o         	1                 	1                	2, -1, 5     	           	5   	2
5  	5  	0       	0       	4/4    	5    	1    	i(9)     	         	g        	v       	     	i(9)     	i      	    	       	9      	            	       	         	m         	1                 	1                	0, -3, 1     	2          	0   	0
5  	5  	1/4     	1/4     	4/4    	5    	1    	i        	         	g        	v       	     	i        	i      	    	       	       	            	       	         	m         	1                 	1                	0, -3, 1     	           	0   	0
5  	5  	1/2     	1/2     	4/4    	5    	1    	iio65    	         	g        	v       	     	iio65    	ii     	o   	65     	       	            	       	         	o7        	1                 	1                	-1, -4, -7, 2	           	2   	-1
5  	5  	3/4     	3/4     	4/4    	5    	1    	V        	         	g        	v       	     	V        	V      	    	       	       	            	       	         	M         	1                 	1                	1, 5, 2      	           	1   	1
5  	5  	7/8     	7/8     	4/4    	5    	1    	V7       	         	g        	v       	     	V7       	V      	    	7      	       	            	       	         	Mm7       	1                 	1                	1, 5, 2, -1  	           	1   	1
6  	6  	0       	0       	4/4    	5    	1    	VI       	         	g        	v       	     	VI       	VI     	    	       	       	            	       	         	M         	1                 	1                	-4, 0, -3    	           	-4  	-4
6  	6  	1/4     	1/4     	4/4    	5    	1    	i.i6     	         	g        	i       	     	i6       	i      	    	6      	       	            	       	         	m         	1                 	1                	-3, 1, 0     	           	0   	-3
6  	6  	1/2     	1/2     	4/4    	5    	1    	#viio6(2)	         	g        	i       	     	#viio6(2)	#vii   	o   	6      	2      	            	       	         	o         	1                 	1                	2, -1, 0     	           	5   	2
6  	6  	3/4     	3/4     	4/4    	5    	1    	#viio6   	         	g        	i       	     	#viio6   	#vii   	o   	6      	       	            	       	         	o         	1                 	1                	2, -1, 5     	           	5   	2
7  	7  	0       	0       	4/4    	5    	1    	i        	         	g        	i       	     	i        	i      	    	       	       	            	       	         	m         	1                 	1                	0, -3, 1     	           	0   	0
7  	7  	1/2     	1/2     	4/4    	5    	1    	v.i      	         	g        	v       	     	i        	i      	    	       	       	            	       	         	m         	1                 	1                	0, -3, 1     	           	0   	0
7  	7  	3/4     	3/4     	4/4    	5    	1    	V6       	         	g        	v       	     	V6       	V      	    	6      	       	            	       	         	M         	1                 	1                	5, 2, 1      	           	1   	5
8  	8  	0       	0       	4/4    	5    	1    	i(9)     	         	g        	v       	     	i(9)     	i      	    	       	9      	            	       	         	m         	1                 	1                	0, -3, 1     	2          	0   	0
8  	8  	1/4     	1/4     	4/4    	5    	1    	i        	         	g        	v       	     	i        	i      	    	       	       	            	       	         	m         	1                 	1                	0, -3, 1     	           	0   	0
8  	8  	1/2     	1/2     	4/4    	5    	1    	V(4)     	         	g        	v       	     	V(4)     	V      	    	       	4      	            	       	         	M         	1                 	1                	1, 0, 2      	           	1   	1
8  	8  	3/4     	3/4     	4/4    	5    	1    	V        	         	g        	v       	     	V        	V      	    	       	       	            	       	         	M         	1                 	1                	1, 5, 2      	           	1   	1
9  	9  	0       	0       	4/4    	5    	1    	iv6(2)   	         	g        	v       	     	iv6(2)   	iv     	    	6      	2      	            	       	         	m         	1                 	1                	-4, 0, 1     	           	-1  	-4
9  	9  	1/4     	1/4     	4/4    	5    	1    	iv6      	         	g        	v       	     	iv6      	iv     	    	6      	       	            	       	         	m         	1                 	1                	-4, 0, -1    	           	-1  	-4
9  	9  	1/2     	1/2     	4/4    	5    	1    	V(4)     	         	g        	v       	     	V(4)     	V      	    	       	4      	            	       	         	M         	1                 	1                	1, 0, 2      	           	1   	1
9  	9  	3/4     	3/4     	4/4    	5    	1    	V        	         	g        	v       	     	V        	V      	    	       	       	            	       	         	M         	1                 	1                	1, 5, 2      	           	1   	1
10 	10 	0       	0       	4/4    	5    	1    	i        	         	g        	v       	     	i        	i      	    	       	       	            	       	         	m         	1                 	1                	0, -3, 1     	           	0   	0
10 	10 	1/2     	1/2     	4/4    	5    	1    	III.vi   	         	g        	III     	     	vi       	vi     	    	       	       	            	       	         	m         	1                 	0                	3, 0, 4      	           	3   	3
11 	11 	0       	0       	4/4    	5    	1    	II       	         	g        	III     	     	II       	II     	    	       	       	            	       	         	M         	1                 	0                	2, 6, 3      	           	2   	2
11 	11 	1/2     	1/2     	4/4    	5    	1    	V        	         	g        	III     	     	V        	V      	    	       	       	            	       	         	M         	1                 	0                	1, 5, 2      	           	1   	1
12 	12 	0       	0       	4/4    	5    	1    	iii      	         	g        	III     	     	iii      	iii    	    	       	       	            	       	         	m         	1                 	0                	4, 1, 5      	           	4   	4
12 	12 	1/2     	1/2     	4/4    	5    	1    	VI       	         	g        	III     	     	VI       	VI     	    	       	       	            	       	         	M         	1                 	0                	3, 7, 4      	           	3   	3
13 	13 	0       	0       	4/4    	5    	1    	II       	         	g        	III     	     	II       	II     	    	       	       	            	       	         	M         	1                 	0                	2, 6, 3      	           	2   	2
13 	13 	1/2     	1/2     	4/4    	5    	1    	V        	         	g        	III     	     	V        	V      	    	       	       	            	       	         	M         	1                 	0                	1, 5, 2      	           	1   	1
14 	14 	0       	0       	4/4    	5    	1    	I6       	         	g        	III     	     	I6       	I      	    	6      	       	            	       	         	M         	1                 	0                	4, 1, 0      	           	0   	4
14 	14 	1/4     	1/4     	4/4    	5    	1    	I        	         	g        	III     	     	I        	I      	    	       	       	            	       	         	M         	1                 	0                	0, 4, 1      	           	0   	0
14 	14 	1/2     	1/2     	4/4    	5    	1    	V(4)     	         	g        	III     	     	V(4)     	V      	    	       	4      	            	       	         	M         	1                 	0                	1, 0, 2      	           	1   	1
14 	14 	3/4     	3/4     	4/4    	5    	1    	V        	         	g        	III     	     	V        	V      	    	       	       	            	       	         	M         	1                 	0                	1, 5, 2      	           	1   	1
15 	15 	0       	0       	4/4    	5    	1    	I\\      	         	g        	III     	     	I        	I      	    	       	       	            	       	\\       	M         	1                 	0                	0, 4, 1      	           	0   	0
15 	15 	1/2     	1/2     	4/4    	5    	1    	IV       	         	g        	III     	     	IV       	IV     	    	       	       	            	       	         	M         	1                 	0                	-1, 3, 0     	           	-1  	-1
16 	16 	0       	0       	4/4    	5    	1    	ii       	         	g        	III     	     	ii       	ii     	    	       	       	            	       	         	m         	1                 	0                	2, -1, 3     	           	2   	2
16 	16 	1/2     	1/2     	4/4    	5    	1    	V        	         	g        	III     	     	V        	V      	    	       	       	            	       	         	M         	1                 	0                	1, 5, 2      	           	1   	1
17 	17 	0       	0       	4/4    	5    	1    	iii      	         	g        	III     	     	iii      	iii    	    	       	       	            	       	         	m         	1                 	0                	4, 1, 5      	           	4   	4
17 	17 	1/2     	1/2     	4/4    	5    	1    	vi       	         	g        	III     	     	vi       	vi     	    	       	       	            	       	         	m         	1                 	0                	3, 0, 4      	           	3   	3
18 	18 	0       	0       	4/4    	5    	1    	IV       	         	g        	III     	     	IV       	IV     	    	       	       	            	       	         	M         	1                 	0                	-1, 3, 0     	           	-1  	-1
18 	18 	1/2     	1/2     	4/4    	5    	1    	ii       	         	g        	III     	     	ii       	ii     	    	       	       	            	       	         	m         	1                 	0                	2, -1, 3     	           	2   	2
19 	19 	0       	0       	4/4    	5    	1    	V        	         	g        	III     	     	V        	V      	    	       	       	            	       	         	M         	1                 	0                	1, 5, 2      	           	1   	1
19 	19 	1/2     	1/2     	4/4    	5    	1    	iii      	         	g        	III     	     	iii      	iii    	    	       	       	            	       	         	m         	1                 	0                	4, 1, 5      	           	4   	4
20 	20 	0       	0       	4/4    	5    	1    	vi65(2)  	         	g        	III     	     	vi65(2)  	vi     	    	65     	2      	            	       	         	mm7       	1                 	0                	0, 4, 1, 5   	           	3   	0
20 	20 	1/4     	1/4     	4/4    	5    	1    	vi65     	         	g        	III     	     	vi65     	vi     	    	65     	       	            	       	         	mm7       	1                 	0                	0, 4, 1, 3   	           	3   	0
20 	20 	1/2     	1/2     	4/4    	5    	1    	i.i      	         	g        	i       	     	i        	i      	    	       	       	            	       	         	m         	1                 	1                	0, -3, 1     	           	0   	0
21 	21 	0       	0       	4/4    	5    	1    	V(4)     	         	g        	i       	     	V(4)     	V      	    	       	4      	            	       	         	M         	1                 	1                	1, 0, 2      	           	1   	1
21 	21 	1/2     	1/2     	4/4    	5    	1    	V        	         	g        	i       	     	V        	V      	    	       	       	            	       	         	M         	1                 	1                	1, 5, 2      	           	1   	1
22 	22 	0       	0       	4/4    	5    	1    	I\\      	         	g        	i       	     	I        	I      	    	       	       	            	       	\\       	M         	1                 	1                	0, 4, 1      	           	0   	0
23 	23 	0       	0       	4/4    	5    	1    	i        	         	g        	i       	     	i        	i      	    	       	       	            	       	         	m         	1                 	1                	0, -3, 1     	           	0   	0
24 	24 	3/4     	3/4     	4/4    	5    	1    	ii       	#viio6   	g        	i       	     	ii       	ii     	    	       	       	            	       	         	m         	1                 	1                	2, -1, 3     	           	2   	2
25 	25 	0       	0       	4/4    	5    	1    	III      	i6       	g        	i       	     	III      	III    	    	       	       	            	       	         	M         	1                 	1                	-3, 1, -2    	           	-3  	-3
25 	25 	3/4     	3/4     	4/4    	5    	1    	IV       	ii6      	g        	i       	     	IV       	IV     	    	       	       	            	       	         	M         	1                 	1                	-1, 3, 0     	           	-1  	-1
26 	26 	0       	0       	4/4    	5    	1    	v        	         	g        	i       	     	v        	v      	    	       	       	            	       	         	m         	1                 	1                	1, -2, 2     	           	1   	1
26 	26 	3/4     	3/4     	4/4    	5    	1    	VII.vii%7	         	g        	VII     	     	vii%7    	vii    	%   	7      	       	            	       	         	%7        	1                 	0                	5, 2, -1, 3  	           	5   	5
27 	27 	0       	0       	4/4    	5    	1    	I        	         	g        	VII     	     	I        	I      	    	       	       	            	       	         	M         	1                 	0                	0, 4, 1      	           	0   	0
27 	27 	1/2     	1/2     	4/4    	5    	1    	vi6      	         	g        	VII     	     	vi6      	vi     	    	6      	       	            	       	         	m         	1                 	0                	0, 4, 3      	           	3   	0
27 	27 	3/4     	3/4     	4/4    	5    	1    	ii7      	         	g        	VII     	     	ii7      	ii     	    	7      	       	            	       	         	mm7       	1                 	0                	2, -1, 3, 0  	           	2   	2
28 	28 	0       	0       	4/4    	5    	1    	iii      	         	g        	VII     	     	iii      	iii    	    	       	       	            	       	         	m         	1                 	0                	4, 1, 5      	           	4   	4
29 	29 	0       	0       	4/4    	5    	1    	V6       	         	g        	VII     	     	V6       	V      	    	6      	       	            	       	         	M         	1                 	0                	5, 2, 1      	           	1   	5
29 	29 	1/4     	1/4     	4/4    	5    	1    	V        	         	g        	VII     	     	V        	V      	    	       	       	            	       	         	M         	1                 	0                	1, 5, 2      	           	1   	1
29 	29 	1/2     	1/2     	4/4    	5    	1    	I        	         	g        	VII     	     	I        	I      	    	       	       	            	       	         	M         	1                 	0                	0, 4, 1      	           	0   	0
30 	30 	0       	0       	4/4    	5    	1    	V        	         	g        	VII     	     	V        	V      	    	       	       	            	       	         	M         	1                 	0                	1, 5, 2      	           	1   	1
30 	30 	1/4     	1/4     	4/4    	5    	1    	I6       	         	g        	VII     	     	I6       	I      	    	6      	       	            	       	         	M         	1                 	0                	4, 1, 0      	           	0   	4
30 	30 	1/2     	1/2     	4/4    	5    	1    	V(4)     	         	g        	VII     	     	V(4)     	V      	    	       	4      	            	       	         	M         	1                 	0                	1, 0, 2      	           	1   	1
30 	30 	3/4     	3/4     	4/4    	5    	1    	V        	         	g        	VII     	     	V        	V      	    	       	       	            	       	         	M         	1                 	0                	1, 5, 2      	           	1   	1
31 	31 	0       	0       	4/4    	5    	1    	I\\      	         	g        	VII     	     	I        	I      	    	       	       	            	       	\\       	M         	1                 	0                	0, 4, 1      	           	0   	0
31 	31 	3/4     	3/4     	4/4    	5    	1    	I        	         	g        	VII     	     	I        	I      	    	       	       	            	       	         	M         	1                 	0                	0, 4, 1      	           	0   	0
32 	32 	0       	0       	4/4    	5    	1    	V6       	         	g        	VII     	     	V6       	V      	    	6      	       	            	       	         	M         	1                 	0                	5, 2, 1      	           	1   	5
32 	32 	1/4     	1/4     	4/4    	5    	1    	V        	         	g        	VII     	     	V        	V      	    	       	       	            	       	         	M         	1                 	0                	1, 5, 2      	           	1   	1
32 	32 	1/2     	1/2     	4/4    	5    	1    	IV       	         	g        	VII     	     	IV       	IV     	    	       	       	            	       	         	M         	1                 	0                	-1, 3, 0     	           	-1  	-1
33 	33 	0       	0       	4/4    	5    	1    	I6       	         	g        	VII     	     	I6       	I      	    	6      	       	            	       	         	M         	1                 	0                	4, 1, 0      	           	0   	4
33 	33 	1/4     	1/4     	4/4    	5    	1    	I        	         	g        	VII     	     	I        	I      	    	       	       	            	       	         	M         	1                 	0                	0, 4, 1      	           	0   	0
33 	33 	1/2     	1/2     	4/4    	5    	1    	V6       	         	g        	VII     	     	V6       	V      	    	6      	       	            	       	         	M         	1                 	0                	5, 2, 1      	           	1   	5
33 	33 	3/4     	3/4     	4/4    	5    	1    	V        	         	g        	VII     	     	V        	V      	    	       	       	            	       	         	M         	1                 	0                	1, 5, 2      	           	1   	1
34 	34 	0       	0       	4/4    	5    	1    	ii6      	         	g        	VII     	     	ii6      	ii     	    	6      	       	            	       	         	m         	1                 	0                	-1, 3, 2     	           	2   	-1
34 	34 	1/2     	1/2     	4/4    	5    	1    	I6       	         	g        	VII     	     	I6       	I      	    	6      	       	            	       	         	M         	1                 	0                	4, 1, 0      	           	0   	4
34 	34 	3/4     	3/4     	4/4    	5    	1    	I        	         	g        	VII     	     	I        	I      	    	       	       	            	       	         	M         	1                 	0                	0, 4, 1      	           	0   	0
35 	35 	0       	0       	4/4    	5    	1    	V6       	         	g        	VII     	     	V6       	V      	    	6      	       	            	       	         	M         	1                 	0                	5, 2, 1      	           	1   	5
35 	35 	1/2     	1/2     	4/4    	5    	1    	vi       	         	g        	VII     	     	vi       	vi     	    	       	       	            	       	         	m         	1                 	0                	3, 0, 4      	           	3   	3
36 	36 	0       	0       	4/4    	5    	1    	V        	         	g        	VII     	     	V        	V      	    	       	       	            	       	         	M         	1                 	0                	1, 5, 2      	           	1   	1
36 	36 	1/2     	1/2     	4/4    	5    	1    	IV       	         	g        	VII     	     	IV       	IV     	    	       	       	            	       	         	M         	1                 	0                	-1, 3, 0     	           	-1  	-1
36 	36 	3/4     	3/4     	4/4    	5    	1    	ii6      	         	g        	VII     	     	ii6      	ii     	    	6      	       	            	       	         	m         	1                 	0                	-1, 3, 2     	           	2   	-1
37 	37 	0       	0       	4/4    	5    	1    	iii      	         	g        	VII     	     	iii      	iii    	    	       	       	            	       	         	m         	1                 	0                	4, 1, 5      	           	4   	4
37 	37 	1/4     	1/4     	4/4    	5    	1    	I        	         	g        	VII     	     	I        	I      	    	       	       	            	       	         	M         	1                 	0                	0, 4, 1      	           	0   	0
37 	37 	1/2     	1/2     	4/4    	5    	1    	v.i      	         	g        	v       	     	i        	i      	    	       	       	            	       	         	m         	1                 	1                	0, -3, 1     	           	0   	0
38 	38 	0       	0       	4/4    	5    	1    	V        	         	g        	v       	     	V        	V      	    	       	       	            	       	         	M         	1                 	1                	1, 5, 2      	           	1   	1
38 	38 	1/4     	1/4     	4/4    	5    	1    	iv       	         	g        	v       	     	iv       	iv     	    	       	       	            	       	         	m         	1                 	1                	-1, -4, 0    	           	-1  	-1
38 	38 	1/2     	1/2     	4/4    	5    	1    	V(4)     	         	g        	v       	     	V(4)     	V      	    	       	4      	            	       	         	M         	1                 	1                	1, 0, 2      	           	1   	1
38 	38 	3/4     	3/4     	4/4    	5    	1    	V        	         	g        	v       	     	V        	V      	    	       	       	            	       	         	M         	1                 	1                	1, 5, 2      	           	1   	1
39 	39 	0       	0       	4/4    	5    	1    	I\\      	         	g        	v       	     	I        	I      	    	       	       	            	       	\\       	M         	1                 	1                	0, 4, 1      	           	0   	0
39 	39 	3/4     	3/4     	4/4    	5    	1    	III.iii  	         	g        	III     	     	iii      	iii    	    	       	       	            	       	         	m         	1                 	0                	4, 1, 5      	           	4   	4
40 	40 	0       	0       	4/4    	5    	1    	vi       	         	g        	III     	     	vi       	vi     	    	       	       	            	       	         	m         	1                 	0                	3, 0, 4      	           	3   	3
40 	40 	3/4     	3/4     	4/4    	5    	1    	ii       	         	g        	III     	     	ii       	ii     	    	       	       	            	       	         	m         	1                 	0                	2, -1, 3     	           	2   	2
41 	41 	0       	0       	4/4    	5    	1    	V        	         	g        	III     	     	V        	V      	    	       	       	            	       	         	M         	1                 	0                	1, 5, 2      	           	1   	1
41 	41 	3/4     	3/4     	4/4    	5    	1    	vi       	         	g        	III     	     	vi       	vi     	    	       	       	            	       	         	m         	1                 	0                	3, 0, 4      	           	3   	3
42 	42 	0       	0       	4/4    	5    	1    	ii6      	         	g        	III     	     	ii6      	ii     	    	6      	       	            	       	         	m         	1                 	0                	-1, 3, 2     	           	2   	-1
42 	42 	1/8     	1/8     	4/4    	5    	1    	iii6     	         	g        	III     	     	iii6     	iii    	    	6      	       	            	       	         	m         	1                 	0                	1, 5, 4      	           	4   	1
42 	42 	1/4     	1/4     	4/4    	5    	1    	IV6      	         	g        	III     	     	IV6      	IV     	    	6      	       	            	       	         	M         	1                 	0                	3, 0, -1     	           	-1  	3
42 	42 	1/2     	1/2     	4/4    	5    	1    	V(4)     	         	g        	III     	     	V(4)     	V      	    	       	4      	            	       	         	M         	1                 	0                	1, 0, 2      	           	1   	1
42 	42 	3/4     	3/4     	4/4    	5    	1    	V        	         	g        	III     	     	V        	V      	    	       	       	            	       	         	M         	1                 	0                	1, 5, 2      	           	1   	1
43 	43 	0       	0       	4/4    	5    	1    	I\\      	         	g        	III     	     	I        	I      	    	       	       	            	       	\\       	M         	1                 	0                	0, 4, 1      	           	0   	0
43 	43 	1/4     	1/4     	4/4    	5    	1    	I        	         	g        	III     	     	I        	I      	    	       	       	            	       	         	M         	1                 	0                	0, 4, 1      	           	0   	0
44 	44 	0       	0       	4/4    	5    	1    	iii      	         	g        	III     	     	iii      	iii    	    	       	       	            	       	         	m         	1                 	0                	4, 1, 5      	           	4   	4
44 	44 	1/4     	1/4     	4/4    	5    	1    	I6       	         	g        	III     	     	I6       	I      	    	6      	       	            	       	         	M         	1                 	0                	4, 1, 0      	           	0   	4
44 	44 	1/2     	1/2     	4/4    	5    	1    	V        	         	g        	III     	     	V        	V      	    	       	       	            	       	         	M         	1                 	0                	1, 5, 2      	           	1   	1
44 	44 	3/4     	3/4     	4/4    	5    	1    	iii6     	         	g        	III     	     	iii6     	iii    	    	6      	       	            	       	         	m         	1                 	0                	1, 5, 4      	           	4   	1
45 	45 	0       	0       	4/4    	5    	1    	vii      	         	g        	III     	     	vii      	vii    	    	       	       	            	       	         	m         	1                 	0                	5, 2, 6      	           	5   	5
45 	45 	1/2     	1/2     	4/4    	5    	1    	II       	         	g        	III     	     	II       	II     	    	       	       	            	       	         	M         	1                 	0                	2, 6, 3      	           	2   	2
46 	46 	0       	0       	4/4    	5    	1    	ii       	         	g        	III     	     	ii       	ii     	    	       	       	            	       	         	m         	1                 	0                	2, -1, 3     	           	2   	2
46 	46 	1/2     	1/2     	4/4    	5    	1    	IV       	         	g        	III     	     	IV       	IV     	    	       	       	            	       	         	M         	1                 	0                	-1, 3, 0     	           	-1  	-1
46 	46 	3/4     	3/4     	4/4    	5    	1    	ii6      	         	g        	III     	     	ii6      	ii     	    	6      	       	            	       	         	m         	1                 	0                	-1, 3, 2     	           	2   	-1
47 	47 	0       	0       	4/4    	5    	1    	vi       	         	g        	III     	     	vi       	vi     	    	       	       	            	       	         	m         	1                 	0                	3, 0, 4      	           	3   	3
47 	47 	1/4     	1/4     	4/4    	5    	1    	IV6      	         	g        	III     	     	IV6      	IV     	    	6      	       	            	       	         	M         	1                 	0                	3, 0, -1     	           	-1  	3
47 	47 	1/2     	1/2     	4/4    	5    	1    	I        	         	g        	III     	     	I        	I      	    	       	       	            	       	         	M         	1                 	0                	0, 4, 1      	           	0   	0
47 	47 	3/4     	3/4     	4/4    	5    	1    	vi65     	         	g        	III     	     	vi65     	vi     	    	65     	       	            	       	         	mm7       	1                 	0                	0, 4, 1, 3   	           	3   	0
48 	48 	0       	0       	4/4    	5    	1    	v.i      	         	g        	v       	     	i        	i      	    	       	       	            	       	         	m         	1                 	1                	0, -3, 1     	           	0   	0
49 	49 	0       	0       	4/4    	5    	1    	III      	         	g        	v       	     	III      	III    	    	       	       	            	       	         	M         	1                 	1                	-3, 1, -2    	           	-3  	-3
49 	49 	1/4     	1/4     	4/4    	5    	1    	i6       	         	g        	v       	     	i6       	i      	    	6      	       	            	       	         	m         	1                 	1                	-3, 1, 0     	           	0   	-3
49 	49 	1/2     	1/2     	4/4    	5    	1    	v        	         	g        	v       	     	v        	v      	    	       	       	            	       	         	m         	1                 	1                	1, -2, 2     	           	1   	1
49 	49 	3/4     	3/4     	4/4    	5    	1    	III6     	         	g        	v       	     	III6     	III    	    	6      	       	            	       	         	M         	1                 	1                	1, -2, -3    	           	-3  	1
50 	50 	0       	0       	4/4    	5    	1    	VII      	         	g        	v       	     	VII      	VII    	    	       	       	            	       	         	M         	1                 	1                	-2, 2, -1    	           	-2  	-2
50 	50 	1/2     	1/2     	4/4    	5    	1    	iv       	         	g        	v       	     	iv       	iv     	    	       	       	            	       	         	m         	1                 	1                	-1, -4, 0    	           	-1  	-1
51 	51 	0       	0       	4/4    	5    	1    	VI       	         	g        	v       	     	VI       	VI     	    	       	       	            	       	         	M         	1                 	1                	-4, 0, -3    	           	-4  	-4
51 	51 	1/2     	1/2     	4/4    	5    	1    	III      	         	g        	v       	     	III      	III    	    	       	       	            	       	         	M         	1                 	1                	-3, 1, -2    	           	-3  	-3
52 	52 	0       	0       	4/4    	5    	1    	v        	         	g        	v       	     	v        	v      	    	       	       	            	       	         	m         	1                 	1                	1, -2, 2     	           	1   	1
52 	52 	1/2     	1/2     	4/4    	5    	1    	i6       	         	g        	v       	     	i6       	i      	    	6      	       	            	       	         	m         	1                 	1                	-3, 1, 0     	           	0   	-3
52 	52 	3/4     	3/4     	4/4    	5    	1    	i        	         	g        	v       	     	i        	i      	    	       	       	            	       	         	m         	1                 	1                	0, -3, 1     	           	0   	0
53 	53 	0       	0       	4/4    	5    	1    	V(4)     	         	g        	v       	     	V(4)     	V      	    	       	4      	            	       	         	M         	1                 	1                	1, 0, 2      	           	1   	1
53 	53 	1/2     	1/2     	4/4    	5    	1    	V        	         	g        	v       	     	V        	V      	    	       	       	            	       	         	M         	1                 	1                	1, 5, 2      	           	1   	1
54 	54 	0       	0       	4/4    	5    	1    	I\\      	         	g        	v       	     	I        	I      	    	       	       	            	       	\\       	M         	1                 	1                	0, 4, 1      	           	0   	0
54 	54 	3/4     	3/4     	4/4    	5    	1    	i.i      	         	g        	i       	     	i        	i      	    	       	       	            	       	         	m         	1                 	1                	0, -3, 1     	           	0   	0
55 	55 	1/2     	1/2     	4/4    	5    	1    	V6       	         	g        	i       	     	V6       	V      	    	6      	       	            	       	         	M         	1                 	1                	5, 2, 1      	           	1   	5
55 	55 	3/4     	3/4     	4/4    	5    	1    	I        	         	g        	i       	     	I        	I      	    	       	       	            	       	         	M         	1                 	1                	0, 4, 1      	           	0   	0
56 	56 	0       	0       	4/4    	5    	1    	IV       	         	g        	i       	     	IV       	IV     	    	       	       	            	       	         	M         	1                 	1                	-1, 3, 0     	           	-1  	-1
56 	56 	1/4     	1/4     	4/4    	5    	1    	VII      	         	g        	i       	     	VII      	VII    	    	       	       	            	       	         	M         	1                 	1                	-2, 2, -1    	           	-2  	-2
56 	56 	3/4     	3/4     	4/4    	5    	1    	v        	         	g        	i       	     	v        	v      	    	       	       	            	       	         	m         	1                 	1                	1, -2, 2     	           	1   	1
57 	57 	0       	0       	4/4    	5    	1    	i        	         	g        	i       	     	i        	i      	    	       	       	            	       	         	m         	1                 	1                	0, -3, 1     	           	0   	0
58 	58 	0       	0       	4/4    	5    	1    	V\\      	         	g        	i       	     	V        	V      	    	       	       	            	       	\\       	M         	1                 	1                	1, 5, 2      	           	1   	1
58 	58 	1/2     	1/2     	4/4    	5    	1    	VII.I    	         	g        	VII     	     	I        	I      	    	       	       	            	       	         	M         	1                 	0                	0, 4, 1      	           	0   	0
58 	58 	3/4     	3/4     	4/4    	5    	1    	vi       	         	g        	VII     	     	vi       	vi     	    	       	       	            	       	         	m         	1                 	0                	3, 0, 4      	           	3   	3
59 	59 	0       	0       	4/4    	5    	1    	ii       	         	g        	VII     	     	ii       	ii     	    	       	       	            	       	         	m         	1                 	0                	2, -1, 3     	           	2   	2
59 	59 	1/2     	1/2     	4/4    	5    	1    	I        	         	g        	VII     	     	I        	I      	    	       	       	            	       	         	M         	1                 	0                	0, 4, 1      	           	0   	0
60 	60 	0       	0       	4/4    	5    	1    	IV       	         	g        	VII     	     	IV       	IV     	    	       	       	            	       	         	M         	1                 	0                	-1, 3, 0     	           	-1  	-1
60 	60 	1/2     	1/2     	4/4    	5    	1    	iii      	         	g        	VII     	     	iii      	iii    	    	       	       	            	       	         	m         	1                 	0                	4, 1, 5      	           	4   	4
61 	61 	0       	0       	4/4    	5    	1    	vi       	         	g        	VII     	     	vi       	vi     	    	       	       	            	       	         	m         	1                 	0                	3, 0, 4      	           	3   	3
61 	61 	1/4     	1/4     	4/4    	5    	1    	IV6      	         	g        	VII     	     	IV6      	IV     	    	6      	       	            	       	         	M         	1                 	0                	3, 0, -1     	           	-1  	3
61 	61 	1/2     	1/2     	4/4    	5    	1    	I        	         	g        	VII     	     	I        	I      	    	       	       	            	       	         	M         	1                 	0                	0, 4, 1      	           	0   	0
62 	62 	0       	0       	4/4    	5    	1    	V        	         	g        	VII     	     	V        	V      	    	       	       	            	       	         	M         	1                 	0                	1, 5, 2      	           	1   	1
62 	62 	1/4     	1/4     	4/4    	5    	1    	IV       	         	g        	VII     	     	IV       	IV     	    	       	       	            	       	         	M         	1                 	0                	-1, 3, 0     	           	-1  	-1
62 	62 	1/2     	1/2     	4/4    	5    	1    	V(4)     	         	g        	VII     	     	V(4)     	V      	    	       	4      	            	       	         	M         	1                 	0                	1, 0, 2      	           	1   	1
62 	62 	3/4     	3/4     	4/4    	5    	1    	V        	         	g        	VII     	     	V        	V      	    	       	       	            	       	         	M         	1                 	0                	1, 5, 2      	           	1   	1
63 	63 	0       	0       	4/4    	5    	1    	I\\      	         	g        	VII     	     	I        	I      	    	       	       	            	       	\\       	M         	1                 	0                	0, 4, 1      	           	0   	0
64 	64 	0       	0       	4/4    	5    	1    	v.V      	         	g        	v       	     	V        	V      	    	       	       	            	       	         	M         	1                 	1                	1, 5, 2      	           	1   	1
66 	66 	0       	0       	4/4    	5    	1    	i        	         	g        	v       	     	i        	i      	    	       	       	            	       	         	m         	1                 	1                	0, -3, 1     	           	0   	0
66 	66 	1/4     	1/4     	4/4    	5    	1    	V6       	         	g        	v       	     	V6       	V      	    	6      	       	            	       	         	M         	1                 	1                	5, 2, 1      	           	1   	5
66 	66 	1/2     	1/2     	4/4    	5    	1    	i        	         	g        	v       	     	i        	i      	    	       	       	            	       	         	m         	1                 	1                	0, -3, 1     	           	0   	0
67 	67 	0       	0       	4/4    	5    	1    	v        	         	g        	v       	     	v        	v      	    	       	       	            	       	         	m         	1                 	1                	1, -2, 2     	           	1   	1
67 	67 	1/2     	1/2     	4/4    	5    	1    	III      	         	g        	v       	     	III      	III    	    	       	       	            	       	         	M         	1                 	1                	-3, 1, -2    	           	-3  	-3
68 	68 	1/2     	1/2     	4/4    	5    	1    	i        	         	g        	v       	     	i        	i      	    	       	       	            	       	         	m         	1                 	1                	0, -3, 1     	           	0   	0
69 	69 	0       	0       	4/4    	5    	1    	V(4)     	         	g        	v       	     	V(4)     	V      	    	       	4      	            	       	         	M         	1                 	1                	1, 0, 2      	           	1   	1
69 	69 	1/2     	1/2     	4/4    	5    	1    	V        	         	g        	v       	     	V        	V      	    	       	       	            	       	         	M         	1                 	1                	1, 5, 2      	           	1   	1
70 	70 	0       	0       	4/4    	5    	1    	i\\      	         	g        	v       	     	i        	i      	    	       	       	            	       	\\       	m         	1                 	1                	0, -3, 1     	           	0   	0
71 	71 	0       	0       	4/4    	5    	1    	III.I    	         	g        	III     	     	I        	I      	    	       	       	            	       	         	M         	1                 	0                	0, 4, 1      	           	0   	0
71 	71 	1/4     	1/4     	4/4    	5    	1    	IV       	         	g        	III     	     	IV       	IV     	    	       	       	            	       	         	M         	1                 	0                	-1, 3, 0     	           	-1  	-1
71 	71 	1/2     	1/2     	4/4    	5    	1    	ii       	         	g        	III     	     	ii       	ii     	    	       	       	            	       	         	m         	1                 	0                	2, -1, 3     	           	2   	2
71 	71 	3/4     	3/4     	4/4    	5    	1    	V        	         	g        	III     	     	V        	V      	    	       	       	            	       	         	M         	1                 	0                	1, 5, 2      	           	1   	1
72 	72 	0       	0       	4/4    	5    	1    	I        	         	g        	III     	     	I        	I      	    	       	       	            	       	         	M         	1                 	0                	0, 4, 1      	           	0   	0
72 	72 	1/2     	1/2     	4/4    	5    	1    	ii       	         	g        	III     	     	ii       	ii     	    	       	       	            	       	         	m         	1                 	0                	2, -1, 3     	           	2   	2
73 	73 	0       	0       	4/4    	5    	1    	iii      	         	g        	III     	     	iii      	iii    	    	       	       	            	       	         	m         	1                 	0                	4, 1, 5      	           	4   	4
73 	73 	1/4     	1/4     	4/4    	5    	1    	I6       	         	g        	III     	     	I6       	I      	    	6      	       	            	       	         	M         	1                 	0                	4, 1, 0      	           	0   	4
73 	73 	1/2     	1/2     	4/4    	5    	1    	IV       	         	g        	III     	     	IV       	IV     	    	       	       	            	       	         	M         	1                 	0                	-1, 3, 0     	           	-1  	-1
73 	73 	3/4     	3/4     	4/4    	5    	1    	ii6      	         	g        	III     	     	ii6      	ii     	    	6      	       	            	       	         	m         	1                 	0                	-1, 3, 2     	           	2   	-1
74 	74 	0       	0       	4/4    	5    	1    	V        	         	g        	III     	     	V        	V      	    	       	       	            	       	         	M         	1                 	0                	1, 5, 2      	           	1   	1
74 	74 	1/4     	1/4     	4/4    	5    	1    	iii6     	         	g        	III     	     	iii6     	iii    	    	6      	       	            	       	         	m         	1                 	0                	1, 5, 4      	           	4   	1
74 	74 	1/2     	1/2     	4/4    	5    	1    	vi       	         	g        	III     	     	vi       	vi     	    	       	       	            	       	         	m         	1                 	0                	3, 0, 4      	           	3   	3
75 	75 	0       	0       	4/4    	5    	1    	vii      	         	g        	III     	     	vii      	vii    	    	       	       	            	       	         	m         	1                 	0                	5, 2, 6      	           	5   	5
75 	75 	1/4     	1/4     	4/4    	5    	1    	V6       	         	g        	III     	     	V6       	V      	    	6      	       	            	       	         	M         	1                 	0                	5, 2, 1      	           	1   	5
75 	75 	1/2     	1/2     	4/4    	5    	1    	I        	         	g        	III     	     	I        	I      	    	       	       	            	       	         	M         	1                 	0                	0, 4, 1      	           	0   	0
75 	75 	3/4     	3/4     	4/4    	5    	1    	vi6      	         	g        	III     	     	vi6      	vi     	    	6      	       	            	       	         	m         	1                 	0                	0, 4, 3      	           	3   	0
76 	76 	0       	0       	4/4    	5    	1    	IV.I     	         	g        	IV      	     	I        	I      	    	       	       	            	       	         	M         	1                 	0                	0, 4, 1      	           	0   	0
76 	76 	1/4     	1/4     	4/4    	5    	1    	vi6      	         	g        	IV      	     	vi6      	vi     	    	6      	       	            	       	         	m         	1                 	0                	0, 4, 3      	           	3   	0
76 	76 	1/2     	1/2     	4/4    	5    	1    	viio6(2) 	         	g        	IV      	     	viio6(2) 	vii    	o   	6      	2      	            	       	         	o         	1                 	0                	2, -1, 0     	           	5   	2
76 	76 	3/4     	3/4     	4/4    	5    	1    	viio6    	         	g        	IV      	     	viio6    	vii    	o   	6      	       	            	       	         	o         	1                 	0                	2, -1, 5     	           	5   	2
77 	77 	0       	0       	4/4    	5    	1    	I\\      	         	g        	IV      	     	I        	I      	    	       	       	            	       	\\       	M         	1                 	0                	0, 4, 1      	           	0   	0
78 	78 	0       	0       	4/4    	5    	1    	I        	         	g        	IV      	     	I        	I      	    	       	       	            	       	         	M         	1                 	0                	0, 4, 1      	           	0   	0
78 	78 	1/4     	1/4     	4/4    	5    	1    	IV       	         	g        	IV      	     	IV       	IV     	    	       	       	            	       	         	M         	1                 	0                	-1, 3, 0     	           	-1  	-1
78 	78 	1/2     	1/2     	4/4    	5    	1    	ii       	         	g        	IV      	     	ii       	ii     	    	       	       	            	       	         	m         	1                 	0                	2, -1, 3     	           	2   	2
78 	78 	3/4     	3/4     	4/4    	5    	1    	V        	         	g        	IV      	     	V        	V      	    	       	       	            	       	         	M         	1                 	0                	1, 5, 2      	           	1   	1
79 	79 	0       	0       	4/4    	5    	1    	I        	         	g        	IV      	     	I        	I      	    	       	       	            	       	         	M         	1                 	0                	0, 4, 1      	           	0   	0
79 	79 	1/2     	1/2     	4/4    	5    	1    	ii       	         	g        	IV      	     	ii       	ii     	    	       	       	            	       	         	m         	1                 	0                	2, -1, 3     	           	2   	2
80 	80 	0       	0       	4/4    	5    	1    	bIII     	         	g        	IV      	     	bIII     	bIII   	    	       	       	            	       	         	M         	1                 	0                	-3, 1, -2    	           	-3  	-3
80 	80 	1/4     	1/4     	4/4    	5    	1    	i6       	         	g        	IV      	     	i6       	i      	    	6      	       	            	       	         	m         	1                 	0                	-3, 1, 0     	           	0   	-3
80 	80 	1/2     	1/2     	4/4    	5    	1    	IV       	         	g        	IV      	     	IV       	IV     	    	       	       	            	       	         	M         	1                 	0                	-1, 3, 0     	           	-1  	-1
80 	80 	3/4     	3/4     	4/4    	5    	1    	ii6      	         	g        	IV      	     	ii6      	ii     	    	6      	       	            	       	         	m         	1                 	0                	-1, 3, 2     	           	2   	-1
81 	81 	0       	0       	4/4    	5    	1    	i.i      	         	g        	i       	     	i        	i      	    	       	       	            	       	         	m         	1                 	1                	0, -3, 1     	           	0   	0
81 	81 	1/4     	1/4     	4/4    	5    	1    	VIM65    	         	g        	i       	     	VIM65    	VI     	M   	65     	       	            	       	         	MM7       	1                 	1                	0, -3, 1, -4 	           	-4  	0
81 	81 	1/2     	1/2     	4/4    	5    	1    	ii       	         	g        	i       	     	ii       	ii     	    	       	       	            	       	         	m         	1                 	1                	2, -1, 3     	           	2   	2
82 	82 	0       	0       	4/4    	5    	1    	III      	         	g        	i       	     	III      	III    	    	       	       	            	       	         	M         	1                 	1                	-3, 1, -2    	           	-3  	-3
82 	82 	1/4     	1/4     	4/4    	5    	1    	i6       	         	g        	i       	     	i6       	i      	    	6      	       	            	       	         	m         	1                 	1                	-3, 1, 0     	           	0   	-3
82 	82 	1/2     	1/2     	4/4    	5    	1    	IV       	         	g        	i       	     	IV       	IV     	    	       	       	            	       	         	M         	1                 	1                	-1, 3, 0     	           	-1  	-1
82 	82 	3/4     	3/4     	4/4    	5    	1    	ii6      	         	g        	i       	     	ii6      	ii     	    	6      	       	            	       	         	m         	1                 	1                	-1, 3, 2     	           	2   	-1
83 	83 	0       	0       	4/4    	5    	1    	v        	         	g        	i       	     	v        	v      	    	       	       	            	       	         	m         	1                 	1                	1, -2, 2     	           	1   	1
83 	83 	1/4     	1/4     	4/4    	5    	1    	III6     	         	g        	i       	     	III6     	III    	    	6      	       	            	       	         	M         	1                 	1                	1, -2, -3    	           	-3  	1
83 	83 	1/2     	1/2     	4/4    	5    	1    	VI       	         	g        	i       	     	VI       	VI     	    	       	       	            	       	         	M         	1                 	1                	-4, 0, -3    	           	-4  	-4
83 	83 	3/4     	3/4     	4/4    	5    	1    	iv6      	         	g        	i       	     	iv6      	iv     	    	6      	       	            	       	         	m         	1                 	1                	-4, 0, -1    	           	-1  	-4
84 	84 	0       	0       	4/4    	5    	1    	V\\      	         	g        	i       	     	V        	V      	    	       	       	            	       	\\       	M         	1                 	1                	1, 5, 2      	           	1   	1
84 	84 	3/4     	3/4     	4/4    	5    	1    	V        	         	g        	i       	     	V        	V      	    	       	       	            	       	         	M         	1                 	1                	1, 5, 2      	           	1   	1
85 	85 	1/2     	1/2     	4/4    	5    	1    	I        	         	g        	i       	     	I        	I      	    	       	       	            	       	         	M         	1                 	1                	0, 4, 1      	           	0   	0
86 	86 	0       	0       	4/4    	5    	1    	VII.V    	         	g        	VII     	     	V        	V      	    	       	       	            	       	         	M         	1                 	0                	1, 5, 2      	           	1   	1
86 	86 	3/4     	3/4     	4/4    	5    	1    	ii6      	         	g        	VII     	     	ii6      	ii     	    	6      	       	            	       	         	m         	1                 	0                	-1, 3, 2     	           	2   	-1
87 	87 	0       	0       	4/4    	5    	1    	iii      	         	g        	VII     	     	iii      	iii    	    	       	       	            	       	         	m         	1                 	0                	4, 1, 5      	           	4   	4
87 	87 	1/4     	1/4     	4/4    	5    	1    	I6       	         	g        	VII     	     	I6       	I      	    	6      	       	            	       	         	M         	1                 	0                	4, 1, 0      	           	0   	4
87 	87 	1/2     	1/2     	4/4    	5    	1    	ii7      	         	g        	VII     	     	ii7      	ii     	    	7      	       	            	       	         	mm7       	1                 	0                	2, -1, 3, 0  	           	2   	2
87 	87 	3/4     	3/4     	4/4    	5    	1    	viio6    	         	g        	VII     	     	viio6    	vii    	o   	6      	       	            	       	         	o         	1                 	0                	2, -1, 5     	           	5   	2
88 	88 	0       	0       	4/4    	5    	1    	I\\      	         	g        	VII     	     	I        	I      	    	       	       	            	       	\\       	M         	1                 	0                	0, 4, 1      	           	0   	0
88 	88 	1/2     	1/2     	4/4    	5    	1    	i.VII    	         	g        	i       	     	VII      	VII    	    	       	       	            	       	         	M         	1                 	1                	-2, 2, -1    	           	-2  	-2
89 	89 	0       	0       	4/4    	5    	1    	III      	         	g        	i       	     	III      	III    	    	       	       	            	       	         	M         	1                 	1                	-3, 1, -2    	           	-3  	-3
89 	89 	1/2     	1/2     	4/4    	5    	1    	i        	         	g        	i       	     	i        	i      	    	       	       	            	       	         	m         	1                 	1                	0, -3, 1     	           	0   	0
90 	90 	0       	0       	4/4    	5    	1    	v        	         	g        	i       	     	v        	v      	    	       	       	            	       	         	m         	1                 	1                	1, -2, 2     	           	1   	1
91 	91 	0       	0       	4/4    	5    	1    	III      	         	g        	i       	     	III      	III    	    	       	       	            	       	         	M         	1                 	1                	-3, 1, -2    	           	-3  	-3
91 	91 	1/2     	1/2     	4/4    	5    	1    	i        	         	g        	i       	     	i        	i      	    	       	       	            	       	         	m         	1                 	1                	0, -3, 1     	           	0   	0
91 	91 	3/4     	3/4     	4/4    	5    	1    	#vio6    	         	g        	i       	     	#vio6    	#vi    	o   	6      	       	            	       	         	o         	1                 	1                	0, -3, 3     	           	3   	0
92 	92 	0       	0       	4/4    	5    	1    	V        	         	g        	i       	     	V        	V      	    	       	       	            	       	         	M         	1                 	1                	1, 5, 2      	           	1   	1
92 	92 	1/2     	1/2     	4/4    	5    	1    	i6       	         	g        	i       	     	i6       	i      	    	6      	       	            	       	         	m         	1                 	1                	-3, 1, 0     	           	0   	-3
92 	92 	3/4     	3/4     	4/4    	5    	1    	i        	         	g        	i       	     	i        	i      	    	       	       	            	       	         	m         	1                 	1                	0, -3, 1     	           	0   	0
93 	93 	0       	0       	4/4    	5    	1    	V(4)     	         	g        	i       	     	V(4)     	V      	    	       	4      	            	       	         	M         	1                 	1                	1, 0, 2      	           	1   	1
93 	93 	1/2     	1/2     	4/4    	5    	1    	V        	         	g        	i       	     	V        	V      	    	       	       	            	       	         	M         	1                 	1                	1, 5, 2      	           	1   	1
94 	94 	0       	0       	4/4    	5    	1    	I\\      	         	g        	i       	     	I        	I      	    	       	       	            	       	\\       	M         	1                 	1                	0, 4, 1      	           	0   	0
95 	95 	0       	0       	4/4    	5    	1    	i        	         	g        	i       	     	i        	i      	    	       	       	            	       	         	m         	1                 	1                	0, -3, 1     	           	0   	0
96 	96 	1/2     	1/2     	4/4    	5    	1    	v6       	         	g        	i       	     	v6       	v      	    	6      	       	            	       	         	m         	1                 	1                	-2, 2, 1     	           	1   	-2
97 	97 	0       	0       	4/4    	5    	1    	v        	         	g        	i       	     	v        	v      	    	       	       	            	       	         	m         	1                 	1                	1, -2, 2     	           	1   	1
97 	97 	3/4     	3/4     	4/4    	5    	1    	vii%7/VII	         	g        	i       	     	vii%7/VII	vii    	%   	7      	       	VII         	       	         	%7        	1                 	1                	3, 0, -3, 1  	           	3   	3
98 	98 	0       	0       	4/4    	5    	1    	VII      	         	g        	i       	     	VII      	VII    	    	       	       	            	       	         	M         	1                 	1                	-2, 2, -1    	           	-2  	-2
98 	98 	1/2     	1/2     	4/4    	5    	1    	VI       	         	g        	i       	     	VI       	VI     	    	       	       	            	       	         	M         	1                 	1                	-4, 0, -3    	           	-4  	-4
98 	98 	3/4     	3/4     	4/4    	5    	1    	v        	         	g        	i       	     	v        	v      	    	       	       	            	       	         	m         	1                 	1                	1, -2, 2     	           	1   	1
99 	99 	0       	0       	4/4    	5    	1    	iv       	         	g        	i       	     	iv       	iv     	    	       	       	            	       	         	m         	1                 	1                	-1, -4, 0    	           	-1  	-1
100	100	0       	0       	4/4    	5    	1    	VI       	iv6      	g        	i       	     	VI       	VI     	    	       	       	            	       	         	M         	1                 	1                	-4, 0, -3    	           	-4  	-4
100	100	1/2     	1/2     	4/4    	5    	1    	iv       	         	g        	i       	     	iv       	iv     	    	       	       	            	       	         	m         	1                 	1                	-1, -4, 0    	           	-1  	-1
101	101	0       	0       	4/4    	5    	1    	i        	         	g        	i       	     	i        	i      	    	       	       	            	       	         	m         	1                 	1                	0, -3, 1     	           	0   	0
102	102	0       	0       	4/4    	5    	1    	v        	         	g        	i       	     	v        	v      	    	       	       	            	       	         	m         	1                 	1                	1, -2, 2     	           	1   	1
102	102	1/2     	1/2     	4/4    	5    	1    	III.IV   	         	g        	III     	     	IV       	IV     	    	       	       	            	       	         	M         	1                 	0                	-1, 3, 0     	           	-1  	-1
103	103	0       	0       	4/4    	5    	1    	V(4)     	         	g        	III     	     	V(4)     	V      	    	       	4      	            	       	         	M         	1                 	0                	1, 0, 2      	           	1   	1
103	103	1/2     	1/2     	4/4    	5    	1    	V        	         	g        	III     	     	V        	V      	    	       	       	            	       	         	M         	1                 	0                	1, 5, 2      	           	1   	1
104	104	0       	0       	4/4    	5    	1    	I\\      	         	g        	III     	     	I        	I      	    	       	       	            	       	\\       	M         	1                 	0                	0, 4, 1      	           	0   	0
105	105	0       	0       	4/4    	5    	1    	I        	         	g        	III     	     	I        	I      	    	       	       	            	       	         	M         	1                 	0                	0, 4, 1      	           	0   	0
106	106	0       	0       	4/4    	5    	1    	V        	         	g        	III     	     	V        	V      	    	       	       	            	       	         	M         	1                 	0                	1, 5, 2      	           	1   	1
107	107	0       	0       	4/4    	5    	1    	IV       	         	g        	III     	     	IV       	IV     	    	       	       	            	       	         	M         	1                 	0                	-1, 3, 0     	           	-1  	-1
108	108	0       	0       	4/4    	5    	1    	iii      	         	g        	III     	     	iii      	iii    	    	       	       	            	       	         	m         	1                 	0                	4, 1, 5      	           	4   	4
108	108	1/2     	1/2     	4/4    	5    	1    	I6       	         	g        	III     	     	I6       	I      	    	6      	       	            	       	         	M         	1                 	0                	4, 1, 0      	           	0   	4
109	109	0       	0       	4/4    	5    	1    	ii7      	         	g        	III     	     	ii7      	ii     	    	7      	       	            	       	         	mm7       	1                 	0                	2, -1, 3, 0  	           	2   	2
109	109	1/2     	1/2     	4/4    	5    	1    	viio6    	         	g        	III     	     	viio6    	vii    	o   	6      	       	            	       	         	o         	1                 	0                	2, -1, 5     	           	5   	2
109	109	3/4     	3/4     	4/4    	5    	1    	vii%7    	         	g        	III     	     	vii%7    	vii    	%   	7      	       	            	       	         	%7        	1                 	0                	5, 2, -1, 3  	           	5   	5
110	110	0       	0       	4/4    	5    	1    	I        	         	g        	III     	     	I        	I      	    	       	       	            	       	         	M         	1                 	0                	0, 4, 1      	           	0   	0
111	111	0       	0       	4/4    	5    	1    	vii      	         	g        	III     	     	vii      	vii    	    	       	       	            	       	         	m         	1                 	0                	5, 2, 6      	           	5   	5
112	112	0       	0       	4/4    	5    	1    	vi       	         	g        	III     	     	vi       	vi     	    	       	       	            	       	         	m         	1                 	0                	3, 0, 4      	           	3   	3
113	113	0       	0       	4/4    	5    	1    	V        	         	g        	III     	     	V        	V      	    	       	       	            	       	         	M         	1                 	0                	1, 5, 2      	           	1   	1
114	114	0       	0       	4/4    	5    	1    	IV       	         	g        	III     	     	IV       	IV     	    	       	       	            	       	         	M         	1                 	0                	-1, 3, 0     	           	-1  	-1
114	114	1/2     	1/2     	4/4    	5    	1    	iv       	         	g        	III     	     	iv       	iv     	    	       	       	            	       	         	m         	1                 	0                	-1, -4, 0    	           	-1  	-1
115	115	0       	0       	4/4    	5    	1    	iii      	I6       	g        	III     	     	iii      	iii    	    	       	       	            	       	         	m         	1                 	0                	4, 1, 5      	           	4   	4
116	116	0       	0       	4/4    	5    	1    	ii       	         	g        	III     	     	ii       	ii     	    	       	       	            	       	         	m         	1                 	0                	2, -1, 3     	           	2   	2
117	117	0       	0       	4/4    	5    	1    	I        	         	g        	III     	     	I        	I      	    	       	       	            	       	         	M         	1                 	0                	0, 4, 1      	           	0   	0
118	118	0       	0       	4/4    	5    	1    	vii      	         	g        	III     	     	vii      	vii    	    	       	       	            	       	         	m         	1                 	0                	5, 2, 6      	           	5   	5
118	118	1/2     	1/2     	4/4    	5    	1    	V6       	         	g        	III     	     	V6       	V      	    	6      	       	            	       	         	M         	1                 	0                	5, 2, 1      	           	1   	5
119	119	0       	0       	4/4    	5    	1    	vi7      	         	g        	III     	     	vi7      	vi     	    	7      	       	            	       	         	mm7       	1                 	0                	3, 0, 4, 1   	           	3   	3
119	119	1/2     	1/2     	4/4    	5    	1    	viio6/V  	         	g        	III     	     	viio6/V  	vii    	o   	6      	       	V           	       	         	o         	1                 	0                	3, 0, 6      	           	6   	3
120	120	0       	0       	4/4    	5    	1    	V        	         	g        	III     	     	V        	V      	    	       	       	            	       	         	M         	1                 	0                	1, 5, 2      	           	1   	1
121	121	0       	0       	4/4    	5    	1    	IV       	         	g        	III     	     	IV       	IV     	    	       	       	            	       	         	M         	1                 	0                	-1, 3, 0     	           	-1  	-1
122	122	0       	0       	4/4    	5    	1    	I        	         	g        	III     	     	I        	I      	    	       	       	            	       	         	M         	1                 	0                	0, 4, 1      	           	0   	0
122	122	1/2     	1/2     	4/4    	5    	1    	i.iv     	         	g        	i       	     	iv       	iv     	    	       	       	            	       	         	m         	1                 	1                	-1, -4, 0    	           	-1  	-1
123	123	0       	0       	4/4    	5    	1    	V7       	         	g        	i       	     	V7       	V      	    	7      	       	            	       	         	Mm7       	1                 	1                	1, 5, 2, -1  	           	1   	1
123	123	1/2     	1/2     	4/4    	5    	1    	V(64)    	         	g        	i       	     	V(64)    	V      	    	       	64     	            	       	         	M         	1                 	1                	1, 0, -3     	           	1   	1
124	124	0       	0       	4/4    	5    	1    	V(4)     	         	g        	i       	     	V(4)     	V      	    	       	4      	            	       	         	M         	1                 	1                	1, 0, 2      	           	1   	1
124	124	1/2     	1/2     	4/4    	5    	1    	V        	         	g        	i       	     	V        	V      	    	       	       	            	       	         	M         	1                 	1                	1, 5, 2      	           	1   	1
125	125	0       	0       	4/4    	5    	1    	I\\      	         	g        	i       	     	I        	I      	    	       	       	            	       	\\       	M         	1                 	1                	0, 4, 1      	           	0   	0
126	126	0       	0       	3/2    	5    	1    	I        	         	g        	i       	     	I        	I      	    	       	       	            	       	         	M         	1                 	1                	0, 4, 1      	           	0   	0
126	126	2       	2       	3/2    	5    	1    	IV       	         	g        	i       	     	IV       	IV     	    	       	       	            	       	         	M         	1                 	1                	-1, 3, 0     	           	-1  	-1
127	127	0       	0       	3/2    	5    	1    	v.III    	         	g        	v       	     	III      	III    	    	       	       	            	       	         	M         	1                 	1                	-3, 1, -2    	           	-3  	-3
127	127	2       	2       	3/2    	5    	1    	i        	         	g        	v       	     	i        	i      	    	       	       	            	       	         	m         	1                 	1                	0, -3, 1     	           	0   	0
128	128	0       	0       	3/2    	5    	1    	V(4)     	         	g        	v       	     	V(4)     	V      	    	       	4      	            	       	         	M         	1                 	1                	1, 0, 2      	           	1   	1
128	128	2       	2       	3/2    	5    	1    	V        	         	g        	v       	     	V        	V      	    	       	       	            	       	         	M         	1                 	1                	1, 5, 2      	           	1   	1
129	129	0       	0       	3/2    	5    	1    	I\\      	         	g        	v       	     	I        	I      	    	       	       	            	       	\\       	M         	1                 	1                	0, 4, 1      	           	0   	0
130	130	0       	0       	3/2    	5    	1    	III.I    	         	g        	III     	     	I        	I      	    	       	       	            	       	         	M         	1                 	0                	0, 4, 1      	           	0   	0
131	131	0       	0       	3/2    	5    	1    	IV       	         	g        	III     	     	IV       	IV     	    	       	       	            	       	         	M         	1                 	0                	-1, 3, 0     	           	-1  	-1
131	131	2       	2       	3/2    	5    	1    	vi       	         	g        	III     	     	vi       	vi     	    	       	       	            	       	         	m         	1                 	0                	3, 0, 4      	           	3   	3
132	132	0       	0       	3/2    	5    	1    	I6       	         	g        	III     	     	I6       	I      	    	6      	       	            	       	         	M         	1                 	0                	4, 1, 0      	           	0   	4
132	132	1       	1       	3/2    	5    	1    	V(4)     	         	g        	III     	     	V(4)     	V      	    	       	4      	            	       	         	M         	1                 	0                	1, 0, 2      	           	1   	1
132	132	2       	2       	3/2    	5    	1    	V        	         	g        	III     	     	V        	V      	    	       	       	            	       	         	M         	1                 	0                	1, 5, 2      	           	1   	1
133	133	0       	0       	3/2    	5    	1    	I\\      	         	g        	III     	     	I        	I      	    	       	       	            	       	\\       	M         	1                 	0                	0, 4, 1      	           	0   	0
134	134	0       	0       	3/2    	5    	1    	i.VI     	         	g        	i       	     	VI       	VI     	    	       	       	            	       	         	M         	1                 	1                	-4, 0, -3    	           	-4  	-4
135	135	0       	0       	3/2    	5    	1    	iv       	         	g        	i       	     	iv       	iv     	    	       	       	            	       	         	m         	1                 	1                	-1, -4, 0    	           	-1  	-1
135	135	2       	2       	3/2    	5    	1    	VI       	iv6      	g        	i       	     	VI       	VI     	    	       	       	            	       	         	M         	1                 	1                	-4, 0, -3    	           	-4  	-4
136	136	0       	0       	3/2    	5    	1    	i        	         	g        	i       	     	i        	i      	    	       	       	            	       	         	m         	1                 	1                	0, -3, 1     	           	0   	0
136	136	1       	1       	3/2    	5    	1    	V(4)     	         	g        	i       	     	V(4)     	V      	    	       	4      	            	       	         	M         	1                 	1                	1, 0, 2      	           	1   	1
136	136	2       	2       	3/2    	5    	1    	V        	         	g        	i       	     	V        	V      	    	       	       	            	       	         	M         	1                 	1                	1, 5, 2      	           	1   	1
137	137	0       	0       	3/2    	5    	1    	I\\      	         	g        	i       	     	I        	I      	    	       	       	            	       	\\       	M         	1                 	1                	0, 4, 1      	           	0   	0
138	138	0       	0       	4/4    	5    	1    	i        	         	g        	i       	     	i        	i      	    	       	       	            	       	         	m         	1                 	1                	0, -3, 1     	           	0   	0
138	138	1/2     	1/2     	4/4    	5    	1    	v        	         	g        	i       	     	v        	v      	    	       	       	            	       	         	m         	1                 	1                	1, -2, 2     	           	1   	1
139	139	1/2     	1/2     	4/4    	5    	1    	#vio6    	         	g        	i       	     	#vio6    	#vi    	o   	6      	       	            	       	         	o         	1                 	1                	0, -3, 3     	           	3   	0
139	139	3/4     	3/4     	4/4    	5    	1    	ii       	         	g        	i       	     	ii       	ii     	    	       	       	            	       	         	m         	1                 	1                	2, -1, 3     	           	2   	2
140	140	0       	0       	4/4    	5    	1    	i6       	         	g        	i       	     	i6       	i      	    	6      	       	            	       	         	m         	1                 	1                	-3, 1, 0     	           	0   	-3
140	140	1/2     	1/2     	4/4    	5    	1    	#viio6(2)	         	g        	i       	     	#viio6(2)	#vii   	o   	6      	2      	            	       	         	o         	1                 	1                	2, -1, 0     	           	5   	2
140	140	3/4     	3/4     	4/4    	5    	1    	#viio6   	         	g        	i       	     	#viio6   	#vii   	o   	6      	       	            	       	         	o         	1                 	1                	2, -1, 5     	           	5   	2
141	141	0       	0       	4/4    	5    	1    	i        	         	g        	i       	     	i        	i      	    	       	       	            	       	         	m         	1                 	1                	0, -3, 1     	           	0   	0
141	141	1/2     	1/2     	4/4    	5    	1    	v.i      	         	g        	v       	     	i        	i      	    	       	       	            	       	         	m         	1                 	1                	0, -3, 1     	           	0   	0
141	141	3/4     	3/4     	4/4    	5    	1    	#viio6   	         	g        	v       	     	#viio6   	#vii   	o   	6      	       	            	       	         	o         	1                 	1                	2, -1, 5     	           	5   	2
142	142	0       	0       	4/4    	5    	1    	i(9)     	         	g        	v       	     	i(9)     	i      	    	       	9      	            	       	         	m         	1                 	1                	0, -3, 1     	2          	0   	0
142	142	1/4     	1/4     	4/4    	5    	1    	i        	         	g        	v       	     	i        	i      	    	       	       	            	       	         	m         	1                 	1                	0, -3, 1     	           	0   	0
142	142	1/2     	1/2     	4/4    	5    	1    	iio65    	         	g        	v       	     	iio65    	ii     	o   	65     	       	            	       	         	o7        	1                 	1                	-1, -4, -7, 2	           	2   	-1
142	142	3/4     	3/4     	4/4    	5    	1    	V        	         	g        	v       	     	V        	V      	    	       	       	            	       	         	M         	1                 	1                	1, 5, 2      	           	1   	1
142	142	7/8     	7/8     	4/4    	5    	1    	V7       	         	g        	v       	     	V7       	V      	    	7      	       	            	       	         	Mm7       	1                 	1                	1, 5, 2, -1  	           	1   	1
143	143	0       	0       	4/4    	5    	1    	VI       	         	g        	v       	     	VI       	VI     	    	       	       	            	       	         	M         	1                 	1                	-4, 0, -3    	           	-4  	-4
143	143	1/4     	1/4     	4/4    	5    	1    	i.i6     	         	g        	i       	     	i6       	i      	    	6      	       	            	       	         	m         	1                 	1                	-3, 1, 0     	           	0   	-3
143	143	1/2     	1/2     	4/4    	5    	1    	#viio6(2)	         	g        	i       	     	#viio6(2)	#vii   	o   	6      	2      	            	       	         	o         	1                 	1                	2, -1, 0     	           	5   	2
143	143	3/4     	3/4     	4/4    	5    	1    	#viio6   	         	g        	i       	     	#viio6   	#vii   	o   	6      	       	            	       	         	o         	1                 	1                	2, -1, 5     	           	5   	2
144	144	0       	0       	4/4    	5    	1    	i        	         	g        	i       	     	i        	i      	    	       	       	            	       	         	m         	1                 	1                	0, -3, 1     	           	0   	0
144	144	1/2     	1/2     	4/4    	5    	1    	v.i      	         	g        	v       	     	i        	i      	    	       	       	            	       	         	m         	1                 	1                	0, -3, 1     	           	0   	0
144	144	3/4     	3/4     	4/4    	5    	1    	V6       	         	g        	v       	     	V6       	V      	    	6      	       	            	       	         	M         	1                 	1                	5, 2, 1      	           	1   	5
145	145	0       	0       	4/4    	5    	1    	i(9)     	         	g        	v       	     	i(9)     	i      	    	       	9      	            	       	         	m         	1                 	1                	0, -3, 1     	2          	0   	0
145	145	1/4     	1/4     	4/4    	5    	1    	i        	         	g        	v       	     	i        	i      	    	       	       	            	       	         	m         	1                 	1                	0, -3, 1     	           	0   	0
145	145	1/2     	1/2     	4/4    	5    	1    	V(4)     	         	g        	v       	     	V(4)     	V      	    	       	4      	            	       	         	M         	1                 	1                	1, 0, 2      	           	1   	1
145	145	3/4     	3/4     	4/4    	5    	1    	V        	         	g        	v       	     	V        	V      	    	       	       	            	       	         	M         	1                 	1                	1, 5, 2      	           	1   	1
146	146	0       	0       	4/4    	5    	1    	iv6(2)   	         	g        	v       	     	iv6(2)   	iv     	    	6      	2      	            	       	         	m         	1                 	1                	-4, 0, 1     	           	-1  	-4
146	146	1/4     	1/4     	4/4    	5    	1    	iv6      	         	g        	v       	     	iv6      	iv     	    	6      	       	            	       	         	m         	1                 	1                	-4, 0, -1    	           	-1  	-4
146	146	1/2     	1/2     	4/4    	5    	1    	V(4)     	         	g        	v       	     	V(4)     	V      	    	       	4      	            	       	         	M         	1                 	1                	1, 0, 2      	           	1   	1
146	146	3/4     	3/4     	4/4    	5    	1    	V        	         	g        	v       	     	V        	V      	    	       	       	            	       	         	M         	1                 	1                	1, 5, 2      	           	1   	1
147	147	0       	0       	4/4    	5    	1    	I        	         	g        	v       	     	I        	I      	    	       	       	            	       	         	M         	1                 	1                	0, 4, 1      	           	0   	0
147	147	1/2     	1/2     	4/4    	5    	1    	IV       	         	g        	v       	     	IV       	IV     	    	       	       	            	       	         	M         	1                 	1                	-1, 3, 0     	           	-1  	-1
148	148	0       	0       	4/4    	5    	1    	VII      	         	g        	v       	     	VII      	VII    	    	       	       	            	       	         	M         	1                 	1                	-2, 2, -1    	           	-2  	-2
148	148	1/2     	1/2     	4/4    	5    	1    	III      	         	g        	v       	     	III      	III    	    	       	       	            	       	         	M         	1                 	1                	-3, 1, -2    	           	-3  	-3
149	149	0       	0       	4/4    	5    	1    	i        	         	g        	v       	     	i        	i      	    	       	       	            	       	         	m         	1                 	1                	0, -3, 1     	           	0   	0
149	149	1/2     	1/2     	4/4    	5    	1    	VI       	         	g        	v       	     	VI       	VI     	    	       	       	            	       	         	M         	1                 	1                	-4, 0, -3    	           	-4  	-4
150	150	0       	0       	4/4    	5    	1    	iv       	         	g        	v       	     	iv       	iv     	    	       	       	            	       	         	m         	1                 	1                	-1, -4, 0    	           	-1  	-1
150	150	1/2     	1/2     	4/4    	5    	1    	VII      	         	g        	v       	     	VII      	VII    	    	       	       	            	       	         	M         	1                 	1                	-2, 2, -1    	           	-2  	-2
151	151	0       	0       	4/4    	5    	1    	III      	         	g        	v       	     	III      	III    	    	       	       	            	       	         	M         	1                 	1                	-3, 1, -2    	           	-3  	-3
151	151	1/2     	1/2     	4/4    	5    	1    	i        	         	g        	v       	     	i        	i      	    	       	       	            	       	         	m         	1                 	1                	0, -3, 1     	           	0   	0
152	152	0       	0       	4/4    	5    	1    	IV       	         	g        	v       	     	IV       	IV     	    	       	       	            	       	         	M         	1                 	1                	-1, 3, 0     	           	-1  	-1
152	152	1/2     	1/2     	4/4    	5    	1    	VII      	         	g        	v       	     	VII      	VII    	    	       	       	            	       	         	M         	1                 	1                	-2, 2, -1    	           	-2  	-2
153	153	1/2     	1/2     	4/4    	5    	1    	III      	         	g        	v       	     	III      	III    	    	       	       	            	       	         	M         	1                 	1                	-3, 1, -2    	           	-3  	-3
154	154	0       	0       	4/4    	5    	1    	iv       	         	g        	v       	     	iv       	iv     	    	       	       	            	       	         	m         	1                 	1                	-1, -4, 0    	           	-1  	-1
154	154	1/2     	1/2     	4/4    	5    	1    	VII      	         	g        	v       	     	VII      	VII    	    	       	       	            	       	         	M         	1                 	1                	-2, 2, -1    	           	-2  	-2
155	155	0       	0       	4/4    	5    	1    	III6     	         	g        	v       	     	III6     	III    	    	6      	       	            	       	         	M         	1                 	1                	1, -2, -3    	           	-3  	1
155	155	1/2     	1/2     	4/4    	5    	1    	VI       	         	g        	v       	     	VI       	VI     	    	       	       	            	       	         	M         	1                 	1                	-4, 0, -3    	           	-4  	-4
156	156	0       	0       	4/4    	5    	1    	ii6      	         	g        	v       	     	ii6      	ii     	    	6      	       	            	       	         	m         	1                 	1                	-1, 3, 2     	           	2   	-1
156	156	1/2     	1/2     	4/4    	5    	1    	v        	         	g        	v       	     	v        	v      	    	       	       	            	       	         	m         	1                 	1                	1, -2, 2     	           	1   	1
157	157	0       	0       	4/4    	5    	1    	i        	         	g        	v       	     	i        	i      	    	       	       	            	       	         	m         	1                 	1                	0, -3, 1     	           	0   	0
157	157	1/2     	1/2     	4/4    	5    	1    	iv       	         	g        	v       	     	iv       	iv     	    	       	       	            	       	         	m         	1                 	1                	-1, -4, 0    	           	-1  	-1
158	158	0       	0       	4/4    	5    	1    	VII      	         	g        	v       	     	VII      	VII    	    	       	       	            	       	         	M         	1                 	1                	-2, 2, -1    	           	-2  	-2
158	158	1/2     	1/2     	4/4    	5    	1    	III      	         	g        	v       	     	III      	III    	    	       	       	            	       	         	M         	1                 	1                	-3, 1, -2    	           	-3  	-3
159	159	0       	0       	4/4    	5    	1    	i        	         	g        	v       	     	i        	i      	    	       	       	            	       	         	m         	1                 	1                	0, -3, 1     	           	0   	0
160	160	0       	0       	4/4    	5    	1    	iv6      	         	g        	v       	     	iv6      	iv     	    	6      	       	            	       	         	m         	1                 	1                	-4, 0, -1    	           	-1  	-4
160	160	1/2     	1/2     	4/4    	5    	1    	VII      	         	g        	v       	     	VII      	VII    	    	       	       	            	       	         	M         	1                 	1                	-2, 2, -1    	           	-2  	-2
161	161	0       	0       	4/4    	5    	1    	III6     	         	g        	v       	     	III6     	III    	    	6      	       	            	       	         	M         	1                 	1                	1, -2, -3    	           	-3  	1
161	161	1/2     	1/2     	4/4    	5    	1    	VI       	         	g        	v       	     	VI       	VI     	    	       	       	            	       	         	M         	1                 	1                	-4, 0, -3    	           	-4  	-4
162	162	0       	0       	4/4    	5    	1    	iv       	         	g        	v       	     	iv       	iv     	    	       	       	            	       	         	m         	1                 	1                	-1, -4, 0    	           	-1  	-1
162	162	1/2     	1/2     	4/4    	5    	1    	V(4)     	         	g        	v       	     	V(4)     	V      	    	       	4      	            	       	         	M         	1                 	1                	1, 0, 2      	           	1   	1
162	162	3/4     	3/4     	4/4    	5    	1    	V        	         	g        	v       	     	V        	V      	    	       	       	            	       	         	M         	1                 	1                	1, 5, 2      	           	1   	1
163	163	0       	0       	4/4    	5    	1    	I\\      	         	g        	v       	     	I        	I      	    	       	       	            	       	\\       	M         	1                 	1                	0, 4, 1      	           	0   	0
163	163	1/2     	1/2     	4/4    	5    	1    	I        	         	g        	v       	     	I        	I      	    	       	       	            	       	         	M         	1                 	1                	0, 4, 1      	           	0   	0
164	164	3/4     	3/4     	4/4    	5    	1    	V7/IV    	         	g        	v       	     	V7/IV    	V      	    	7      	       	IV          	       	         	Mm7       	1                 	1                	0, 4, 1, -2  	           	0   	0
165	165	0       	0       	4/4    	5    	1    	IV       	         	g        	v       	     	IV       	IV     	    	       	       	            	       	         	M         	1                 	1                	-1, 3, 0     	           	-1  	-1
165	165	3/4     	3/4     	4/4    	5    	1    	V7/VII   	         	g        	v       	     	V7/VII   	V      	    	7      	       	VII         	       	         	Mm7       	1                 	1                	-1, 3, 0, -3 	           	-1  	-1
166	166	0       	0       	4/4    	5    	1    	VII      	         	g        	v       	     	VII      	VII    	    	       	       	            	       	         	M         	1                 	1                	-2, 2, -1    	           	-2  	-2
166	166	3/4     	3/4     	4/4    	5    	1    	V7/III   	         	g        	v       	     	V7/III   	V      	    	7      	       	III         	       	         	Mm7       	1                 	1                	-2, 2, -1, -4	           	-2  	-2
167	167	0       	0       	4/4    	5    	1    	III      	         	g        	v       	     	III      	III    	    	       	       	            	       	         	M         	1                 	1                	-3, 1, -2    	           	-3  	-3
168	168	0       	0       	4/4    	5    	1    	VI       	         	g        	v       	     	VI       	VI     	    	       	       	            	       	         	M         	1                 	1                	-4, 0, -3    	           	-4  	-4
169	169	0       	0       	4/4    	5    	1    	i.VI     	         	g        	i       	     	VI       	VI     	    	       	       	            	       	         	M         	1                 	1                	-4, 0, -3    	           	-4  	-4
170	170	0       	0       	4/4    	5    	1    	iv       	         	g        	i       	     	iv       	iv     	    	       	       	            	       	         	m         	1                 	1                	-1, -4, 0    	           	-1  	-1
170	170	1/2     	1/2     	4/4    	5    	1    	iio6     	         	g        	i       	     	iio6     	ii     	o   	6      	       	            	       	         	o         	1                 	1                	-1, -4, 2    	           	2   	-1
171	171	0       	0       	4/4    	5    	1    	V7       	         	g        	i       	     	V7       	V      	    	7      	       	            	       	         	Mm7       	1                 	1                	1, 5, 2, -1  	           	1   	1
171	171	1/2     	1/2     	4/4    	5    	1    	V(64)    	         	g        	i       	     	V(64)    	V      	    	       	64     	            	       	         	M         	1                 	1                	1, 0, -3     	           	1   	1
172	172	0       	0       	4/4    	5    	1    	V(4)     	         	g        	i       	     	V(4)     	V      	    	       	4      	            	       	         	M         	1                 	1                	1, 0, 2      	           	1   	1
172	172	1/2     	1/2     	4/4    	5    	1    	V        	         	g        	i       	     	V        	V      	    	       	       	            	       	         	M         	1                 	1                	1, 5, 2      	           	1   	1
173	173	0       	0       	4/4    	5    	1    	I\\      	         	g        	i       	     	I        	I      	    	       	       	            	       	\\       	M         	1                 	1                	0, 4, 1      	           	0   	0
174	174	0       	0       	4/4    	5    	1    	iv       	         	g        	i       	     	iv       	iv     	    	       	       	            	       	         	m         	1                 	1                	-1, -4, 0    	           	-1  	-1
176	176	0       	0       	4/4    	5    	1    	i(64)    	         	g        	i       	     	i(64)    	i      	    	       	64     	            	       	         	m         	1                 	1                	0, -1, -4    	           	0   	0
176	176	1/2     	1/2     	4/4    	5    	1    	I\\      	         	g        	i       	     	I        	I      	    	       	       	            	       	\\       	M         	1                 	1                	0, 4, 1      	           	0   	0
